id	declared_type	grounded_type	coverage	classification	n_corrections	grounded_source	gpt_claimed_source	span	correction_top	gpt_rationale
R003759:a2	hadith	quran	0.0	likely_WRONG_topical_drift	1	سورة البقرة 279	سورة البقرة 279	لا تَظلموا وَلا تَظلموا، وَلا تَغلبوا وَلا تُغلبوا، وَلا تَعتَدوا وَلا تُعَطَّدوا	فَإِنْ لَمْ تَفْعَلُوا فَأْذَنُوا بِحَرْبٍ مِنَ اللَّهِ وَرَسُولِهِ ۖ وَإِنْ تُبْتُمْ فَلَكُمْ رُءُوسُ أَمْوَالِكُمْ لَا تَظْلِمُونَ وَلَا تُظْلَمُونَ	العبارة ليست حديثًا صحيحًا بهذه الصياغة، لكن صدرها يُستعاد بوضوح إلى قوله تعالى في البقرة 279: «لَا تَظْلِمُونَ وَلَا تُظْلَمُونَ». وقع تحويل الخبر إلى نهيٍ بصيغة «لا تظلموا ولا تظلموا»، ثم أُلصقت بها زيادات ملفقة: «ولا تغلبوا... ولا تعتدوا...». فلا يثبت من كامل span إلا هذا الأصل القرآني.
R004005:a8	hadith	quran	0.0	likely_WRONG_topical_drift	1	سورة الطلاق 3	سورة الطلاق 3	مَنْ تَوَكَّلَ عَلَى اللَّهِ فَهُوَ رَضِيٌّ عَنْهُ	وَيَرْزُقْهُ مِنْ حَيْثُ لَا يَحْتَسِبُ ۚ وَمَنْ يَتَوَكَّلْ عَلَى اللَّهِ فَهُوَ حَسْبُهُ ۚ إِنَّ اللَّهَ بَالِغُ أَمْرِهِ ۚ قَدْ جَعَلَ اللَّهُ لِكُلِّ شَيْءٍ قَدْرًا	العبارة ليست حديثًا من الكتب الستة، لكنها تبدو تحريفًا لقول الله تعالى في سورة الطلاق: «وَمَن يَتَوَكَّلْ عَلَى اللَّهِ فَهُوَ حَسْبُهُ». العمود اللفظي «يتوكل على الله فهو» ظاهر، ثم بُدِّل الخبر من «حسبه» إلى «رضيٌّ عنه».
R005654:a3	hadith	quran	0.06	likely_WRONG_topical_drift	1	سورة النور 30	سورة النور 30	مرَّ رجلٌ من الأنصار في طرقات المدينة، فاستقبلته امرأة، فنظر إليها ونظرت إليه، فوسوس لهما الشيطان أنهما لم ينظرا إلا إعجاباً، فبينا الرجل يمشي إلى جنب حائط (جدار) وهو ينظر إليها، إذ استقبله الحائط (أي اصطدم به) فشقَّ أنفه (أو وجهه)، فقال: والله لا أغسل الدم حتى آتي رسول الله ﷺ فأُعْلِمَه أمري، فأتاه فقصَّ عليه القصة، فقال النبي ﷺ: «هذا عقوبة ذنبك»، وأنزل الله تعالى: ﴿قُل لِّلْمُؤْمِنِينَ يَغُضُّوا مِنْ أَبْصَارِهِمْ...﴾	قُلْ لِلْمُؤْمِنِينَ يَغُضُّوا مِنْ أَبْصَارِهِمْ وَيَحْفَظُوا فُرُوجَهُمْ ۚ ذَٰلِكَ أَزْكَىٰ لَهُمْ ۗ إِنَّ اللَّهَ خَبِيرٌ بِمَا يَصْنَعُونَ	القصة المسهبة عن الرجل والمرأة واصطدامه بالحائط لا تُعرف بهذا اللفظ في القرآن ولا في الكتب الستة، فلا يُصحَّح منها كحديث. لكن خاتمتها تتضمن اقتباسًا قرآنيًا صريحًا: 'قل للمؤمنين يغضوا من أبصارهم'، وهو صدر آية النور 30؛ لذا فالموضع القابل للتصحيح هنا هو الآية فقط، لا القصة بوصفها حديثًا.
R001618:a1	hadith	quran	0.07	likely_WRONG_topical_drift	1	سورة البقرة 144	سورة البقرة 144	إذا رأيتموه يتقلب وجهه في السماء، ألا تنظروا إلى السماوات، ولا تنظروا إلى الأرض، ولا تقبلوا أنفاسك؛ فإن الأمور لله، وهي تتقلب وتتباعد	قَدْ نَرَىٰ تَقَلُّبَ وَجْهِكَ فِي السَّمَاءِ ۖ فَلَنُوَلِّيَنَّكَ قِبْلَةً تَرْضَاهَا ۚ فَوَلِّ وَجْهَكَ شَطْرَ الْمَسْجِدِ الْحَرَامِ ۚ وَحَيْثُ مَا كُنْتُمْ فَوَلُّوا وُجُوهَكُمْ شَطْرَهُ ۗ وَإِنَّ الَّذِينَ أُوتُوا الْكِتَابَ لَيَعْلَمُونَ أَنَّهُ الْحَقُّ مِنْ رَبِّهِمْ ۗ وَمَا اللَّهُ بِغَافِلٍ عَمَّا يَعْمَلُونَ	العبارة ليست حديثًا نبويًا، لكن صدرها يحرّف بوضوح الآية القرآنية «قَدْ نَرَىٰ تَقَلُّبَ وَجْهِكَ فِي السَّمَاءِ» من البقرة 144؛ وأقرب run فيها هو «يتقلب وجهه في السماء» مع فساد الضمير وزيادة «إذا رأيتموه». أما بقية الكلام («لا تنظروا... فإن الأمور لله...») فمركّب مضطرب لا يطابق نصًّا واحدًا من القرآن أو الكتب الستة.
R000993:a1	hadith	quran	0.07	likely_WRONG_topical_drift	1	سورة الحشر 8	سورة الحشر 8	يَا مُوسَى، قَالَ: رَبِّ، مَا هَذَا الْمَالُ؟ قَالَ: هُوَ لِلْمُهَاجِرِينَ، الَّذِينَ خَرَجُوا مِنْ دِيَارِهِمْ وَأَمْوَالِهِمْ يَسْتَعْبِدُونَ أَنفُسَهُمْ لِيَشْكُرُوا نِعْمَتِي، وَيَتَحَبَّبُونَ إِلَيَّ، فَأَعْلَنْتُهُ عَلَى الْمُسْتَضْعَفِينَ مِنَ الْعِبَادِ وَالَّذِينَ إِذَا قَضَوْتُ إِلَيْهِمْ أَمْوَالَهُمْ لا يُسْأَلُونَ أَكَثَّرَ مِنْهُ وَالَّذِينَ إِذَا حَكَمْتُ فِيهِمْ أَنْ تَقُومَ أَنْفُسُهُمْ وَأَنْ يَقُولُوا قَدْ أَصَبْنَا قَالَ: فَمَا مَنَّكَ رَبُّكَ بِمَا مَنَّ بِهِ عَلَيْكَ فَادَّخَرَهُ لَكَ وَأَعْطَاكَ مِنْهُ كَذَا وَكَذَا؟ قَالَ: لاَ، قَالَ: فَأَعْطِهِ مِنْهُ حَتَّى تَكُونَ قَدْ أَدَّيْتَ فَرِيضَتِي، وَأَدَّيْتَ الَّذِي عَلَيْكَ، وَأَرَدْتَ أَنْ تَتَزَوَّجَ فَتَأْخُذَ مِنْهُ كَذَا وَكَذَا	لِلْفُقَرَاءِ الْمُهَاجِرِينَ الَّذِينَ أُخْرِجُوا مِنْ دِيَارِهِمْ وَأَمْوَالِهِمْ يَبْتَغُونَ فَضْلًا مِنَ اللَّهِ وَرِضْوَانًا وَيَنْصُرُونَ اللَّهَ وَرَسُولَهُ ۚ أُولَـٰئِكَ هُمُ الصَّادِقُونَ	العبارة ليست حديثًا، وأكثرها تركيب مضطرب ومفبرك، لكن صدرها يحرّف بوضوح آية من سورة الحشر: 'للمهاجرين ... من ديارهم وأموالهم' يشير إلى قوله تعالى 'لِلْفُقَرَاءِ الْمُهَاجِرِينَ الَّذِينَ أُخْرِجُوا مِن دِيَارِهِمْ وَأَمْوَالِهِمْ'. أمّا بقية الكلام فلا يطابق نصًا قانونيًا من القرآن أو الكتب الستة.
R003943:a2	hadith	quran	0.08	likely_WRONG_topical_drift	1	سورة مريم 40	سورة مريم 40	إِنَّ اللَّهَ يَرِثُ الْأَرْضَ وَمَنْ عَلَيْهَا وَإِنَّهُ لَا يَوْرِثُ الصَّالِحَ مِنْ بَعْدِ الصَّالِحِ إِلَّا مَنْ زَوَّجَهُ أَوْ أَعْطَاهُ صَدَقَةً مُبَرَّرَةً وَإِنَّهُ لَا وَرَثَةَ لِمَنْ أَرَادَ اللَّهُ بِهِ خَيْرًا إِلَّا وُلِدُهُ وَأَوْلَى النَّاسِ بِكُلِّ إِنْسَانٍ أُمُّهُ ثُمَّ الَّذِينَ يَقُومُونَ بِهِ بِحَقِّهِ أَوْلَى بِهِ مِنْ أَبِيهِ	إِنَّا نَحْنُ نَرِثُ الْأَرْضَ وَمَنْ عَلَيْهَا وَإِلَيْنَا يُرْجَعُونَ	The span is largely fabricated/stitched, but its opening clearly distorts one Qur'anic verse through the recognizable contiguous phrase 'الأرض ومن عليها', pointing to مريم 40. The remaining clauses about inheritance, offspring, charity, and the mother being foremost do not reproduce any additional single canonical hadith or verse by a meaningful contiguous run.
R003289:a1	hadith	quran	0.08	likely_WRONG_topical_drift	1	سورة المائدة 6	سورة المائدة 6	إِذَا تَطَهَّرَ الرَّجُلُ فَإِنَّهُ يَجِبُ عَلَيْهِ أَنْ يَغْسِلَ وَجْهَهُ وَيَدَيْهِ إِلَى الْمِرْفَقَيْنِ وَمَسْحَ الرَّأْسِ وَغَسْلَ الرِّجْلَيْنِ إِلَى الْكَعْبَيْنِ	يَا أَيُّهَا الَّذِينَ آمَنُوا إِذَا قُمْتُمْ إِلَى الصَّلَاةِ فَاغْسِلُوا وُجُوهَكُمْ وَأَيْدِيَكُمْ إِلَى الْمَرَافِقِ وَامْسَحُوا بِرُءُوسِكُمْ وَأَرْجُلَكُمْ إِلَى الْكَعْبَيْنِ ۚ وَإِنْ كُنْتُمْ جُنُبًا فَاطَّهَّرُوا ۚ وَإِنْ كُنْتُمْ مَرْضَىٰ أَوْ عَلَىٰ سَفَرٍ أَوْ جَاءَ أَحَدٌ مِنْكُمْ مِنَ الْغَائِطِ أَوْ لَامَسْتُمُ النِّسَاءَ فَلَمْ تَجِدُوا مَاءً فَتَيَمَّمُوا صَعِيدًا طَيِّبًا فَامْسَحُوا بِوُجُوهِكُمْ وَأَيْدِيكُمْ مِنْهُ ۚ مَا يُرِيدُ اللَّهُ لِيَجْعَلَ عَلَيْكُمْ مِنْ حَرَجٍ وَلَـٰكِنْ يُرِيدُ لِيُطَهِّرَكُمْ وَلِيُتِمَّ نِعْمَتَهُ عَلَيْكُمْ لَعَلَّكُمْ تَشْكُرُونَ	ليس حديثًا، بل هو إعادة صياغة فقهية مشوشة لآية الوضوء في سورة المائدة. ترتيب الأعضاء المذكورة يطابق الآية، لكن أكثر الألفاظ محوَّل من خطاب القرآن إلى نثر تفسيري؛ وأوضح run متصل مطابق هو «إلى الكعبين».
R000526:a1	hadith	quran	0.09	likely_WRONG_topical_drift	1	سورة المائدة 95	سورة المائدة 95	لاَ تُسَافِرُوا بِالْمَشَاعِرِ الْحَرَامَ وَلاَ تَشْرَبُوا مِنَ الْخَمْرِ شَيْئًا، فَإِنَّهَا مَيِّتَةٌ، وَلاَ تَأْكُلُوا مِنَ الْمَيْتَةِ، وَلاَ تَقْتُلُوا الصَّيْدَ وَأَنْتُمْ حُرُومٌ، وَلاَ تَنْصَرِفُوا عَنْ أَمْرِي بَعْدَ أَنْ تَقُومُوا مِنَ الْجُمُعَةِ، وَلاَ تَجْمَعُوا بَيْنَ الصَّلاَةِ وَالْخَمْرِ، وَلاَ تَجْمَعُوا بَيْنَ الصَّلاَةِ وَالنِّسَاءِ، وَلاَ تَجْمَعُوا بَيْنَ الصَّلاَةِ وَالنَّوْمِ، إِلاَّ أَتَيْتُمْ بِالْحَقِّ، وَقَلِيلٌ مِنْ رَبِّكُمْ خَيْرٌ، أَمَا وَعَدَكُمْ رَبُّكُمْ أَنْ يَسْتَجِيبَ لَكُمْ فَاسْتَجِيبُوا لَهُ	يَا أَيُّهَا الَّذِينَ آمَنُوا لَا تَقْتُلُوا الصَّيْدَ وَأَنْتُمْ حُرُمٌ ۚ وَمَنْ قَتَلَهُ مِنْكُمْ مُتَعَمِّدًا فَجَزَاءٌ مِثْلُ مَا قَتَلَ مِنَ النَّعَمِ يَحْكُمُ بِهِ ذَوَا عَدْلٍ مِنْكُمْ هَدْيًا بَالِغَ الْكَعْبَةِ أَوْ كَفَّارَةٌ طَعَامُ مَسَاكِينَ أَوْ عَدْلُ ذَٰلِكَ صِيَامًا لِيَذُوقَ وَبَالَ أَمْرِهِ ۗ عَفَا اللَّهُ عَمَّا سَلَفَ ۚ وَمَنْ عَادَ فَيَنْتَقِمُ اللَّهُ مِنْهُ ۗ وَاللَّهُ عَزِيزٌ ذُو انْتِقَامٍ	العبارة في معظمها ملفقة ومركبة من نواهٍ وعبارات متفرقة لا تُطابق نصًا نبويًا واحدًا ولا نصوصًا متعددة بعبارات متصلة، لكن فيها مقطع قرآني حقيقي واضح هو: 'لا تقتلوا الصيد وأنتم حرم'، وهو من المائدة 95، مع تحريف آخر الكلمة في span إلى 'حروم'. ولا يظهر في بقية الكلام تطابقٌ بعبارة متصلة معتبرة مع نص canonical آخر.
R004369:a2	hadith	quran	0.12	likely_WRONG_topical_drift	1	سورة التوبة 36	سورة التوبة 36	أَيُّهَا النَّاسُ، اسْتَعِينُوا بِاللَّهِ وَاعْلَمُوا أَنَّ اللَّهَ مَعَ الْمُتَّقِينَ، وَاسْتَغِيثُوا بِاللَّهِ إِنَّ الْمُسِيءَ يُغِيثُ اللَّهُ، وَمَنْ دَعَا اللَّهَ مِنْ قَلْبٍ نَقِيٍّ وَنِيَّةٍ صَادِقَةٍ، لَمْ يَرُدَّ اللَّهُ دُعَاءَهُ سِوَى دُعَاءٍ بِالْمَعُونَةِ عَلَى الْمَعُونَةِ، وَلَمْ يَرُدَّهُ بِمَا يَكْرَهُ	إِنَّ عِدَّةَ الشُّهُورِ عِنْدَ اللَّهِ اثْنَا عَشَرَ شَهْرًا فِي كِتَابِ اللَّهِ يَوْمَ خَلَقَ السَّمَاوَاتِ وَالْأَرْضَ مِنْهَا أَرْبَعَةٌ حُرُمٌ ۚ ذَٰلِكَ الدِّينُ الْقَيِّمُ ۚ فَلَا تَظْلِمُوا فِيهِنَّ أَنْفُسَكُمْ ۚ وَقَاتِلُوا الْمُشْرِكِينَ كَافَّةً كَمَا يُقَاتِلُونَكُمْ كَافَّةً ۚ وَاعْلَمُوا أَنَّ اللَّهَ مَعَ الْمُتَّقِينَ	The only clear recoverable canonical fragment is the exact Qur'anic clause 'واعلموا أن الله مع المتقين', which appears verbatim in سورة التوبة 36. The rest of the span is a fabricated/stitched exhortation and does not reproduce any single canonical hadith matn by a meaningful contiguous run.
R001379:a2	hadith	quran	0.13	likely_WRONG_topical_drift	1	سورة الأحزاب 56	سورة الأحزاب 56	"أفضل أيام الدنيا يوم الجمعة، فيه بعث الله نبياً، وفيه سقطت من السماء كلمات لا يسقطنها الله أبداً: ""إن الله وملائكته يصلون على النبي"	إِنَّ اللَّهَ وَمَلَائِكَتَهُ يُصَلُّونَ عَلَى النَّبِيِّ ۚ يَا أَيُّهَا الَّذِينَ آمَنُوا صَلُّوا عَلَيْهِ وَسَلِّمُوا تَسْلِيمًا	أكثرُ span مُفَبْرَكٌ ومُرَكَّبٌ ولا يطابق حديثًا canonically، لكن خاتمته تقتبس اقتباسًا لفظيًّا مباشرًا من القرآن: «إن الله وملائكته يصلون على النبي»، وهو صدرُ آية الأحزاب 56. أمّا ما قبلها عن يوم الجمعة وبعث نبيٍّ وسقوط كلمات من السماء فلا يُعْرَفُ كمتنٍ واحدٍ في الكتب الستة.
R002430:a3	hadith	quran	0.15	likely_WRONG_topical_drift	8	سورة البقرة 43	سورة البقرة 43	لا تُقسِطوا وَلَا تُقَطِّعوا وَلا تَبَطِّشوا، وَلا تَأْخُذوا بِالبِيِّينَ، وَأَقِمُوا الصَلاةَ وَآتُوا الزَكَاةَ، فَإِنَّ اللَّهَ أَنتَظَمَ أَجرَها عَنكُمْ وَأَجرَ أَجرِ العَبدِ الصِدِّيقِ الَّذي يَعملُ بِدِيْنِهِ وَيُعَلِّمُ النَاسَ مِن دِيْنِ اللَّهِ	وَأَقِيمُوا الصَّلَاةَ وَآتُوا الزَّكَاةَ وَارْكَعُوا مَعَ الرَّاكِعِينَ	النصُّ مُختلِطٌ ومُفَبْرَكٌ في أكثره، ولا يُعرَف منه حديثٌ نبويٌّ في الكتب الستة. لكن فيه عبارةً قرآنيةً صحيحةً متصلةً هي: 'وأقيموا الصلاة وآتوا الزكاة'، وهي ليست حديثًا بل آية/جزء آية، وتَرِدُ بهذا اللفظ في عدة مواضع من القرآن؛ وما عداها في السياق لا يطابق نصًّا قانونيًّا معروفًا.
R004013:a4	hadith	quran	0.17	likely_WRONG_topical_drift	1	سورة الجن 1	سورة الجن 1	قُلْ تَعَالَى: أُوحِيَ إِلَيَّ أَنَّهُ مَنِ اعْتَدَى فِي الْأَرْضِ فَلَيْسَ كَمَنِ اعْتَدَى عَلَى نَفْسِهِ وَمَنِ اعْتَدَى عَلَى نَفْسِهِ فَلَيْسَ كَمَنِ اعْتَدَى عَلَى نَفْسِهِ وَمَنِ اعْتَدَى عَلَى نَفْسِهِ فَلَيْسَ كَمَنِ اعْتَدَى عَلَى نَفْسِهِ	قُلْ أُوحِيَ إِلَيَّ أَنَّهُ اسْتَمَعَ نَفَرٌ مِنَ الْجِنِّ فَقَالُوا إِنَّا سَمِعْنَا قُرْآنًا عَجَبًا	النصّ في جملته ملفق/مضطرب، لكن صدره يقتبس اقتباسًا قصيرًا حقيقيًّا: العبارة المتصلة «أوحي إلي أنه» تطابق افتتاح سورة الجن «قُلْ أُوحِيَ إِلَيَّ أَنَّهُ ...». أمّا بقية الكلام «من اعتدى في الأرض...»، فلا تُطابق نصًّا قرآنيًّا ولا حديثيًّا canonical match بعبارة متصلة من مصدر واحد.
R004675:a2	hadith	quran	0.18	likely_WRONG_topical_drift	2	سورة الأنبياء 87	سورة الأنبياء 87	مَنْ غَدَا إِلَى الْجَامِعِ أَوْ رَاحَ فَرَأَى فِيهِ نُفُورًا أَوْ حَدِيقَةً فَلَمْ يَأْكُلْ مِنْهَا أَوْ مَسَحَ بِهَا وَجْهَهُ فَلَمْ يَرْجِعْ حَتَّى يَذْكُرَ اللَّهَ عَزَّ وَجَلَّ فَيَقُولُ: سُبْحَانَ الَّذِي سَخَّرَ لَنَا هَذَا وَمَا كُنَّا لِنَسْتَطِيعَهُ مُطْلَقًا إِلَّا بِعَوْنِهِ ثُمَّ يَقُولُ: اللَّهُمَّ لَا إِلَهَ إِلَّا أَنْتَ سُبْحَانَكَ إِنِّي كُنتُ مِنَ الْجَاهِلِينَ	وَذَا النُّونِ إِذْ ذَهَبَ مُغَاضِبًا فَظَنَّ أَنْ لَنْ نَقْدِرَ عَلَيْهِ فَنَادَىٰ فِي الظُّلُمَاتِ أَنْ لَا إِلَـٰهَ إِلَّا أَنْتَ سُبْحَانَكَ إِنِّي كُنْتُ مِنَ الظَّالِمِينَ	النص ملفَّقٌ ومركَّب: صدره ('من غدا إلى الجامع أو راح...' إلى 'فلم يرجع...') لا يطابق حديثًا canonical بعبارة متصلة معتبرة، لكن آخره يشتمل على اقتباسين قرآنيين محرَّفين مع عبارتين متصلتين واضحتين: 'سبحان الذي سخر لنا هذا وما كنا...' من الزخرف 13، و'لا إله إلا أنت سبحانك إني كنت من...' من الأنبياء 87. لذا هو recoverable جزئيًّا إلى هاتين الآيتين فقط، لا إلى حديث واحد.
R001065:a2	hadith	quran	0.18	likely_WRONG_topical_drift	3	سورة لقمان 26	سورة لقمان 26	وإذا أحضرتم أضحية فأضحيتم بأسمي فأمتعوا وأطعموا المسافرين والمساكين وأعلموا أن الله هو الغني الحميد	لِلَّهِ مَا فِي السَّمَاوَاتِ وَالْأَرْضِ ۚ إِنَّ اللَّهَ هُوَ الْغَنِيُّ الْحَمِيدُ	العبارة في معظمها تركيب غير canonical يمزج ألفاظ الأضحية والإطعام بعبارة قرآنية ختامية؛ افتتاحها لا يطابق حديثًا ولا آيةً مطابقةً متصلة. الجزء الوحيد المستعاد بوضوح هو الخاتمة: 'الله هو الغني الحميد'، وتَرِدُ بهذا اللفظ في لقمان 26 والحديد 24، وبقدر أقصر 'هو الغني الحميد' في فاطر 15.
R003088:a4	hadith	quran	0.19	likely_WRONG_topical_drift	1	سورة المائدة 65	سورة المائدة 65	وَلَوْ أَنَّ أَهْلَ الْكِتَابِ آمَنُوا بِما أُنزِلَ عَلَيْهِمْ لَكَانُوا أَهْلَ بَيْتٍ مَكِينَةً وَلَوْ آمَنُوا بِما أُنزِلَ عَلَيْكُمْ لَكَانُوا مِنْكُمْ وَلَكِنَّ اللَّهَ عَلَى مَعْرِفَتِهِ بِمَنْ يَصْعَبُ عَلَيْهِ الْهُدَىٰ وَيُجْزِي مَنْ كَانَ مُسْرِعًا فِي الْخَيْرِ وَمُتَّبِعًا لِسَبِيلِ اللَّهِ سُبْحَانَهُ وَتَعَالَىٰ	وَلَوْ أَنَّ أَهْلَ الْكِتَابِ آمَنُوا وَاتَّقَوْا لَكَفَّرْنَا عَنْهُمْ سَيِّئَاتِهِمْ وَلَأَدْخَلْنَاهُمْ جَنَّاتِ النَّعِيمِ	The span is largely a stitched fabrication of Quranic-sounding phrases, not a hadith. Its only clear recoverable canonical fragment is the exact opening run 'ولو أن أهل الكتاب آمنوا', which matches سورة المائدة 65. The remaining wording ('بما أنزل عليهم... أهل بيت مكينة... ولكن الله على معرفته...') does not reproduce a meaningful contiguous phrase from any single canonical text.
R000375:a4	hadith	quran	0.19	likely_WRONG_topical_drift	1	سورة البقرة 144	سورة البقرة 144	كان رسول الله صلى الله عليه وسلم يصلي في بيت أم حبيبة، وكانت بينه وبين بيت المقدس مسافة، وكان يلتفت يميناً وشمالاً، فنزلت عليه {قد نرى تقلب وجهك في السماء} [البقرة: 144] فحول الله قبلته إلى الكعبة	قَدْ نَرَىٰ تَقَلُّبَ وَجْهِكَ فِي السَّمَاءِ ۖ فَلَنُوَلِّيَنَّكَ قِبْلَةً تَرْضَاهَا ۚ فَوَلِّ وَجْهَكَ شَطْرَ الْمَسْجِدِ الْحَرَامِ ۚ وَحَيْثُ مَا كُنْتُمْ فَوَلُّوا وُجُوهَكُمْ شَطْرَهُ ۗ وَإِنَّ الَّذِينَ أُوتُوا الْكِتَابَ لَيَعْلَمُونَ أَنَّهُ الْحَقُّ مِنْ رَبِّهِمْ ۗ وَمَا اللَّهُ بِغَافِلٍ عَمَّا يَعْمَلُونَ	العبارة ليست حديثًا نبويًا محفوظًا في الكتب الستة؛ صدرها وسياقها («في بيت أم حبيبة... وكانت بينه وبين بيت المقدس مسافة... وكان يلتفت يمينًا وشمالًا») لا يطابقان متنًا حديثيًا واحدًا، لكن فيها اقتباس قرآني صحيح متصل هو «قد نرى تقلب وجهك في السماء» من البقرة 144، ثم لُفِّق حوله خبر غير ثابت بهذا اللفظ.
R003753:a8	hadith	quran	0.2	likely_WRONG_topical_drift	1	سورة فصلت 22	سورة فصلت 22	من أحسب أن الله لا يعلم بما تفعلون فقد كفر	وَمَا كُنْتُمْ تَسْتَتِرُونَ أَنْ يَشْهَدَ عَلَيْكُمْ سَمْعُكُمْ وَلَا أَبْصَارُكُمْ وَلَا جُلُودُكُمْ وَلَـٰكِنْ ظَنَنْتُمْ أَنَّ اللَّهَ لَا يَعْلَمُ كَثِيرًا مِمَّا تَعْمَلُونَ	"ليس له أصلٌ كحديث نبوي في الكتب الستة بهذا اللفظ، لكنه يُستَعاد بوصفه تحريفًا لعبارة قرآنية من سورة فصلت؛ إذ يطابق منه تطابقًا متصلًا ذا معنى قولُه: ""أن الله لا يعلم""، مع تبديل ""كثيرًا مما تعملون"" إلى ""بما تفعلون""، وزيادة حكمٍ دخيلٍ هو ""فقد كفر""."
R003753:a6	hadith	quran	0.2	likely_WRONG_topical_drift	1	سورة فصلت 22	سورة فصلت 22	من أحسب أن الله لا يعلم بما تفعلون فقد كفر	وَمَا كُنْتُمْ تَسْتَتِرُونَ أَنْ يَشْهَدَ عَلَيْكُمْ سَمْعُكُمْ وَلَا أَبْصَارُكُمْ وَلَا جُلُودُكُمْ وَلَـٰكِنْ ظَنَنْتُمْ أَنَّ اللَّهَ لَا يَعْلَمُ كَثِيرًا مِمَّا تَعْمَلُونَ	العبارة ليست حديثًا ثابتًا بهذا اللفظ، وأقرب ما تُستعاد منه آية من القرآن في سورة فصلت؛ إذ تحتفظ بعبارة متصلة ذات دلالة: 'أَنَّ اللَّهَ لَا يَعْلَمُ'، وتُحاكي 'مِّمَّا تَعْمَلُونَ' بقولها 'بما تفعلون'. أما 'من أحسب' و'فقد كفر' فزيادتان غير قرآنيتين، ولا يظهر لها متن حديثيٌّ مطابق في الكتب الستة.
R004694:a2	hadith	quran	0.2	likely_WRONG_topical_drift	2	سورة الأنعام 151	سورة الأنعام 151	لا تقتلوا النفس التي تحبتها، و لا تستحققوا الموت في قتل نفسك، و لا تدعو الله بموتك، و لا تدعو الله بالسلام	۞ قُلْ تَعَالَوْا أَتْلُ مَا حَرَّمَ رَبُّكُمْ عَلَيْكُمْ ۖ أَلَّا تُشْرِكُوا بِهِ شَيْئًا ۖ وَبِالْوَالِدَيْنِ إِحْسَانًا ۖ وَلَا تَقْتُلُوا أَوْلَادَكُمْ مِنْ إِمْلَاقٍ ۖ نَحْنُ نَرْزُقُكُمْ وَإِيَّاهُمْ ۖ وَلَا تَقْرَبُوا الْفَوَاحِشَ مَا ظَهَرَ مِنْهَا وَمَا بَطَنَ ۖ وَلَا تَقْتُلُوا النَّفْسَ الَّتِي حَرَّمَ اللَّهُ إِلَّا بِالْحَقِّ ۚ ذَٰلِكُمْ وَصَّاكُمْ بِهِ لَعَلَّكُمْ تَعْقِلُونَ	"الافتتاحية فقط قابلة للاسترداد: العبارة ""لا تقتلوا النفس التي"" تطابق مطلع الجملة القرآنية ""وَلَا تَقْتُلُوا النَّفْسَ الَّتِي حَرَّمَ اللَّهُ إِلَّا بِالْحَقِّ""، وهي واردة بالنص نفسه في الأنعام 151 والإسراء 33. أما بقية span (عن الموت والدعاء والسلام) فمركبة ومضطربة، ولا تُطابق بعبارة متصلة نصًّا حديثيًّا صحيحًا من الكتب الستة."
R002531:a5	hadith	quran	0.21	likely_WRONG_topical_drift	6	سورة النحل 96	سورة النحل 96	لَقَدْ جَاءَكُمْ رَسُولٌ مِنْكُمْ يَهْرُسُ عَلَيْكُمْ، فَمَنْ أَطَاعَهُ فَقَدْ أَطَاعَ ٱللَّهَ، وَمَنْ عَصَاهُ فَقَدْ عَصَى ٱللَّهَ، وَالصَّابِرُونَ يُجْزَوْنَ بِأَحْسَنِ مَا كَانُوا يَعْمَلُونَ.	مَا عِنْدَكُمْ يَنْفَدُ ۖ وَمَا عِنْدَ اللَّهِ بَاقٍ ۗ وَلَنَجْزِيَنَّ الَّذِينَ صَبَرُوا أَجْرَهُمْ بِأَحْسَنِ مَا كَانُوا يَعْمَلُونَ	النص مركب من شذرات قرآنية لا من حديث واحد: أوله يقتبس عبارة «لقد جاءكم رسول» من التوبة 128، ووسطه يلمح إلى النساء 80 في «فقد أطاع الله» بعد تحويل «مَن يُطِعِ الرَّسُولَ» إلى «فمن أطاعه»، وآخره يقتبس «بأحسن ما كانوا يعملون» من النحل 96 مع تحوير «الذين صبروا» إلى «الصابرون يجزون». لذلك هو قابل للاسترداد بوصفه خليطًا من آيات، لا متنًا نبويًا صحيحًا مستقلًا.
R002986:a2	hadith	quran	0.21	likely_WRONG_topical_drift	1	سورة يونس 32	سورة يونس 32	إن الله عز وجل ينهاكم عن فعل أشياء، ثم يبين لكم أنها خير لكم، وإن الله عز وجل يأمركم بفعل أشياء، ثم يبين لكم أنها شر لكم، وماذا بعد الحق إلا الباطل؟ وماذا بعد الباطل إلا النار	فَذَٰلِكُمُ اللَّهُ رَبُّكُمُ الْحَقُّ ۖ فَمَاذَا بَعْدَ الْحَقِّ إِلَّا الضَّلَالُ ۖ فَأَنَّىٰ تُصْرَفُونَ	العبارة مركبة ومُلفَّقة: صدرها paraphrase لمعنى آية البقرة 216 دون أن يقتبس منها عبارة متصلة معتبرة، لكن فيها اقتباسٌ محرَّفٌ واضح من قوله تعالى: «فَمَاذَا بَعْدَ الْحَقِّ إِلَّا الضَّلَالُ»، حيث جاء في span: «وماذا بعد الحق إلا الباطل». وأما «وماذا بعد الباطل إلا النار» فلا يُطابق نصًّا قانونيًّا بعينه.
R002631:a2	hadith	quran	0.22	likely_WRONG_topical_drift	2	سورة الأنعام 78	سورة الأنعام 78	قالت عائشة رضي الله عنها: قد تسألوني عن رسول الله صلى الله عليه وسلم فلا تسألوني عنه بل سألوا الله عز وجل وقد أتيت على قوله: قل للناس إن إني بريءٌ مما تشركون فإن تشركوا فقد أفلحوا وإن تعودوا إلى قبلي فإن تعودون إلى عصبة قد خافت	فَلَمَّا رَأَى الشَّمْسَ بَازِغَةً قَالَ هَـٰذَا رَبِّي هَـٰذَا أَكْبَرُ ۖ فَلَمَّا أَفَلَتْ قَالَ يَا قَوْمِ إِنِّي بَرِيءٌ مِمَّا تُشْرِكُونَ	"ليس هذا حديثًا، والافتتاح المنسوب إلى عائشة رضي الله عنها لا يُعرف في شيء من الكتب الستة. ومعظم المتن تركيب مضطرب من عبارات قرآنية مبدَّلة، لكن فيه مقطع قرآني حقيقي يمكن استرداده، وهو: ""إني بريء مما تشركون""؛ وهذا يطابق سورة الأنعام 78، ويقارب أيضًا سورة هود 54 بصيغة ""أني بريء مما تشركون""."
R002631:a3	hadith	quran	0.22	likely_WRONG_topical_drift	2	سورة الأنعام 78	سورة الأنعام 78	قالت عائشة رضي الله عنها: قد تسألوني عن رسول الله صلى الله عليه وسلم فلا تسألوني عنه بل سألوا الله عز وجل وقد أتيت على قوله: قل للناس إن إني بريءٌ مما تشركون فإن تشركوا فقد أفلحوا وإن تعودوا إلى قبلي فإن تعودون إلى عصبة قد خافت	فَلَمَّا رَأَى الشَّمْسَ بَازِغَةً قَالَ هَـٰذَا رَبِّي هَـٰذَا أَكْبَرُ ۖ فَلَمَّا أَفَلَتْ قَالَ يَا قَوْمِ إِنِّي بَرِيءٌ مِمَّا تُشْرِكُونَ	العبارة ليست حديثًا، وفيها صدرٌ مُفترًى منسوبٌ إلى عائشة مع تركيبٍ قرآنيٍّ مُشوَّش. لكن فيها مقطعًا قرآنيًّا حقيقيًّا قابلًا للاسترداد هو «إني بريء مما تشركون»، وهو يطابق الأنعام 78 مطابقةً ظاهرة، ويقارب الأنعام 19 بعبارة «وإنني بريء مما تشركون». أما باقي الألفاظ مثل «قل للناس» و«فإن تشركوا فقد أفلحوا» و«فإن تعودوا إلى قبلي ... عصبة قد خافت» فمركبة/مُحرَّفة ولا تُنتج مرشحًا قانونيًا آخر.
R002498:a3	hadith	quran	0.23	likely_WRONG_topical_drift	2	سورة النصر 1-3	سورة النصر 1-3	أن النبي صلى الله عليه وسلم كان يقرأ في بعض الصلوات (إذا جاء نصر الله فتحية) (النصر: 1-3) و (قل أعوذ برب الناس) (الفلق: 1-6) و (قل أعوذ بالرب الفضيل) (الناس: 1-6	إِذَا جَاءَ نَصْرُ اللَّهِ وَالْفَتْحُ وَرَأَيْتَ النَّاسَ يَدْخُلُونَ فِي دِينِ اللَّهِ أَفْوَاجًا فَسَبِّحْ بِحَمْدِ رَبِّكَ وَاسْتَغْفِرْهُ ۚ إِنَّهُ كَانَ تَوَّابًا	النص ليس حديثًا canonically؛ إطاره السردي 'أن النبي... كان يقرأ في بعض الصلوات' لا يطابق حديثًا بعينه من الكتب الستة، لكنه يضم اقتباسين قرآنيين حقيقيين يمكن استردادهما: 'إذا جاء نصر الله' من سورة النصر، و'قل أعوذ برب الناس' من سورة الناس. أما 'قل أعوذ بالرب الفضيل' فلا يحفظ عبارة متصلة من سورة الفلق ولا من نصٍّ canonical آخر، فلا يُعدّ تصحيحًا صالحًا.
R001486:a2	hadith	quran	0.24	likely_WRONG_topical_drift	1	سورة البقرة 177	سورة البقرة 177	ما مِنَ الرجلِ يُؤمِنُ بِاللَّهِ وَالمَلائِكَةِ وَالْكِتَابِ وَالنَبِيِّينَ وَيُؤَمِّلُ رِزْقَ اللَّهِ وَيَصْبِرُ عَلَى مَنْزِلَتِهِ وَيَشْكُرُ لِلَّهِ عَلَى كُلِّ حَالٍ فَأَعُزُّهُ بِاللَّهِ عِنْدِيَ وَأَعظَمُ ثَروَةً	۞ لَيْسَ الْبِرَّ أَنْ تُوَلُّوا وُجُوهَكُمْ قِبَلَ الْمَشْرِقِ وَالْمَغْرِبِ وَلَـٰكِنَّ الْبِرَّ مَنْ آمَنَ بِاللَّهِ وَالْيَوْمِ الْآخِرِ وَالْمَلَائِكَةِ وَالْكِتَابِ وَالنَّبِيِّينَ وَآتَى الْمَالَ عَلَىٰ حُبِّهِ ذَوِي الْقُرْبَىٰ وَالْيَتَامَىٰ وَالْمَسَاكِينَ وَابْنَ السَّبِيلِ وَالسَّائِلِينَ وَفِي الرِّقَابِ وَأَقَامَ الصَّلَاةَ وَآتَى الزَّكَاةَ وَالْمُوفُونَ بِعَهْدِهِمْ إِذَا عَاهَدُوا ۖ وَالصَّابِرِينَ فِي الْبَأْسَاءِ وَالضَّرَّاءِ وَحِينَ الْبَأْسِ ۗ أُولَـٰئِكَ الَّذِينَ صَدَقُوا ۖ وَأُولَـٰئِكَ هُمُ الْمُتَّقُونَ	العبارة ليست حديثًا معروفًا، وأكثرها تركيبٌ مُفْتَعَل، لكن فيها مقطعًا قرآنيًّا مميَّزًا يمكن ردُّه إلى البقرة 177، وهو: «الملائكة والكتاب والنبيين». وما بعده من نحو «ويؤمل رزق الله... ويشكر لله على كل حال...» لا يطابق نصًّا canonically واحدًا في القرآن ولا في الكتب الستة.
R003673:a2	hadith	quran	0.25	likely_WRONG_topical_drift	1	سورة الأنعام 3	سورة الأنعام 3	إنما الله في السماوات كحبة في يدينا	وَهُوَ اللَّهُ فِي السَّمَاوَاتِ وَفِي الْأَرْضِ ۖ يَعْلَمُ سِرَّكُمْ وَجَهْرَكُمْ وَيَعْلَمُ مَا تَكْسِبُونَ	يوجد تطابقٌ متصلٌ قصير فقط في عبارة «الله في السماوات»، وهي من قوله تعالى «وَهُوَ اللَّهُ فِي السَّمَاوَاتِ وَفِي الْأَرْضِ...». أما «كحبة في يدينا» فلا أصل له في القرآن ولا في الكتب الستة هنا. لذا فالنص قابل للاسترداد إلى آية واحدة فقط، لكن بثقة منخفضة لقِصر العبارة المشتركة وبقاء باقي الكلام ملفقًا.
R003673:a3	hadith	quran	0.25	likely_WRONG_topical_drift	1	سورة الأنعام 3	سورة الأنعام 3	إنما الله في السماوات كحبة في يدينا	وَهُوَ اللَّهُ فِي السَّمَاوَاتِ وَفِي الْأَرْضِ ۖ يَعْلَمُ سِرَّكُمْ وَجَهْرَكُمْ وَيَعْلَمُ مَا تَكْسِبُونَ	العبارة ليست حديثًا، لكن فيها مقطع قرآني قصيرٌ يمكن ربطه تحديدًا بقوله تعالى في الأنعام 3: «اللَّهُ فِي السَّمَاوَاتِ». أمّا «إنما» و«كحبة في يدينا» فلا تُعيدان بناء متنٍ نبويٍّ أو آيةٍ كاملة، ويبدوان زيادةً ملفقة؛ لذا فالتصحيح الممكن واحد وبثقة منخفضة لاعتماده على مقطع قصير فقط.
R000793:a2	hadith	quran	0.25	likely_WRONG_topical_drift	1	سورة البقرة 190	سورة البقرة 190	أعطوا الأمان للذين يأتونكم بالسلام، ولا تكلوهم، ولا تعتدوا في المحاربة بالقاتل، وقوتلوا الذين يقاتلونكم	وَقَاتِلُوا فِي سَبِيلِ اللَّهِ الَّذِينَ يُقَاتِلُونَكُمْ وَلَا تَعْتَدُوا ۚ إِنَّ اللَّهَ لَا يُحِبُّ الْمُعْتَدِينَ	النص مُركَّب ومشوَّش في أكثره، لكن آخره يَظهر كتحريف لقول الله تعالى في البقرة 190؛ إذ يحافظ على العبارة المتصلة المميزة «الذين يقاتلونكم»، مع قلب «وقاتلوا» إلى «وقوتلوا» وزيادة كلامٍ مُلفَّق حولها. أما صدر النص «أعطوا الأمان... بالسلام» فلا يطابق عبارةً متصلة من نصٍّ قرآني أو حديثيٍّ canonically.
R001089:a3	hadith	quran	0.25	likely_WRONG_topical_drift	1	سورة آل عمران 110	سورة آل عمران 110	إِنَّمَا الْبِرُّ بِالْإِحْسَانِ، وَإِحْسَانٌ أَنْ تَأْمُرَ بِالْمَعْرُوفِ وَتَنْهَى عَنْ الْمُنْكَرِ	كُنْتُمْ خَيْرَ أُمَّةٍ أُخْرِجَتْ لِلنَّاسِ تَأْمُرُونَ بِالْمَعْرُوفِ وَتَنْهَوْنَ عَنِ الْمُنْكَرِ وَتُؤْمِنُونَ بِاللَّهِ ۗ وَلَوْ آمَنَ أَهْلُ الْكِتَابِ لَكَانَ خَيْرًا لَهُمْ ۚ مِنْهُمُ الْمُؤْمِنُونَ وَأَكْثَرُهُمُ الْفَاسِقُونَ	ليس هذا حديثًا نبويًا. الجزء الوحيد القابل للاسترداد منه هو العبارة القرآنية في آل عمران 110: «تَأْمُرُونَ بِالْمَعْرُوفِ وَتَنْهَوْنَ عَنِ الْمُنكَرِ»، وقد حُرِّفت هنا إلى المفرد «تأمر ... وتنهى». وأما صدر العبارة «إنما البر بالإحسان، وإحسان أن» فتركيب ملفق لا يطابق نصًّا قرآنيًا ولا حديثيًا canonical.
R000300:a2	hadith	quran	0.25	likely_WRONG_topical_drift	1	سورة الأنفال 49	سورة الأنفال 49	إِنَّ اللَّهَ لَا يُعَذِّبُ النَّاسَ عَلَى النَّوَاصِي وَلَا الْمُقْبِلِينَ عَلَى الْفُجُورِ وَالْمُعْتَدِينِ، وَإِنَّمَا يُعَذِّبُ النَّاسَ عَلَى مَا أَسْلَفُوا وَالَّذِينَ يَتَوَكَّلُونَ عَلَى اللَّهِ فَإِنَّ اللَّهَ عَزِيزٌ حَكِيمٌ	إِذْ يَقُولُ الْمُنَافِقُونَ وَالَّذِينَ فِي قُلُوبِهِمْ مَرَضٌ غَرَّ هَـٰؤُلَاءِ دِينُهُمْ ۗ وَمَنْ يَتَوَكَّلْ عَلَى اللَّهِ فَإِنَّ اللَّهَ عَزِيزٌ حَكِيمٌ	النصّ في مجمله مركّب ومختلق، ولا يطابق حديثًا من الكتب الستة. لكن خاتمته تشتمل على تحريفٍ قابلٍ للاسترداد لقول الله تعالى في الأنفال 49؛ إذ يوافقها run متصل ذو معنى: 'على الله فإن الله عزيز حكيم'، مع تحريف 'ومن يتوكل' إلى 'والذين يتوكلون'. وما قبل ذلك لا ينهض إلى نصٍّ قانونيٍّ واحد.
R004582:a3	hadith	quran	0.25	likely_WRONG_topical_drift	1	سورة الفجر 3	سورة الفجر 3	صَلاَتُنَا الْعَصْرُ وَالْمَغْرِبُ وَالْعِشَاءُ وَالْفَجْرُ وَالْوُتْرُ، وَالشَّفْعُ وَالْوُتْرُ مَعًا	وَالشَّفْعِ وَالْوَتْرِ	الجزء الأكبر من العبارة قائمةٌ مختلقة لأسماء صلوات ولا يطابق حديثًا معروفًا في الكتب الستة، لكن فيها اقتباسٌ لفظيٌّ متصلٌ واضح هو 'والشفع والوتر'، وهو من القرآن في الفجر 3. لا يظهر نصٌّ حديثيٌّ Canonical يطابق بقيتها.
R001012:a2	hadith	quran	0.25	likely_WRONG_topical_drift	2	سورة آل عمران 19	سورة آل عمران 19	الدين عند الله الإسلام، ومن يبتغ غير الإسلام ديناً فلن يُقبل منه	إِنَّ الدِّينَ عِنْدَ اللَّهِ الْإِسْلَامُ ۗ وَمَا اخْتَلَفَ الَّذِينَ أُوتُوا الْكِتَابَ إِلَّا مِنْ بَعْدِ مَا جَاءَهُمُ الْعِلْمُ بَغْيًا بَيْنَهُمْ ۗ وَمَنْ يَكْفُرْ بِآيَاتِ اللَّهِ فَإِنَّ اللَّهَ سَرِيعُ الْحِسَابِ	العبارة ليست حديثًا، بل هي تركيبٌ من آيتين قرآنيتين من سورة آل عمران: المقطع الأول يطابق عبارةً متصلة من آل عمران 19: 'الدين عند الله الإسلام'، والمقطع الثاني يطابق عبارةً متصلة من آل عمران 85: 'ومن يبتغ غير الإسلام دينا فلن يقبل منه'. فهي تحريفٌ مركب قابل للاسترجاع إلى نصين قانونيين واضحين.
R001294:a1	hadith	quran	0.25	likely_WRONG_topical_drift	2	سورة الفرقان 70	سورة الفرقان 70	"الربا ثمانٍ وعشرين جزءًا، وأحدها أكل المال بالحرام، والربا هو الزيادة في المال التي لا تعطى إلا لله، وفيه سورة البقرة: ""يَا أَيُّهَا الَّذِينَ آمَنُوا اتَّقُوا اللَّهَ وَأَقِيمُوا الصَّلَاةَ وَآتُوا الزَّكَاةَ وَأَقْضُوا عَدْلًا فِي الْمُسْلِمِينَ أَوْ يَنْقُصَنَّ مِنْ شَجَرِهِمُ الرِّجْزُ إِلَّا مَنْ تَابَ وَآَمَنَ وَعَمِلَ عَمَلًا صَالِحًا فَأُوْلَئِكَ يُبَدِّلُ اللَّهُ سَيِّئَاتِهِمْ حَسَنَاتٍ وَاللَّهُ غَفُورٌ رَّحِيمٌ"	إِلَّا مَنْ تَابَ وَآمَنَ وَعَمِلَ عَمَلًا صَالِحًا فَأُولَـٰئِكَ يُبَدِّلُ اللَّهُ سَيِّئَاتِهِمْ حَسَنَاتٍ ۗ وَكَانَ اللَّهُ غَفُورًا رَحِيمًا	النص مُركَّب ومشوَّش في الجملة، وليس حديثًا. لكن فيه موضعان قابلان للاسترجاع: (1) افتتاحية مرتبطة بالربا من البقرة 278 عبر العبارة المتطابقة «يا أيها الذين آمنوا اتقوا الله»، مع أن بقية الآية استُبدلت بكلام آخر؛ (2) ذيل طويل يكاد يطابق الفرقان 70: «إلا من تاب وآمن وعمل عملا صالحا فأولئك يبدل الله سيئاتهم حسنات»، ثم حُرِّف آخره من «وكان الله غفورًا رحيمًا» إلى «والله غفور رحيم». أما الوسط مثل «وأقضوا عدلا في المسلمين أو ينقصن من شجرهم الرجز» فمُلفَّق لا يطابق نصًا قانونيًا واحدًا، وعبارة «وأقيموا الصلاة وآتوا الزكاة» هنا عامة متكررة في آيات كثيرة فلا تُنسب في هذا السياق المشوَّش إلى آية بعينها.
R003349:a3	hadith	quran	0.26	likely_WRONG_topical_drift	3	سورة الحجرات 10	سورة الحجرات 10	إِنَّمَا الْمُؤْمِنُونَ إِخْوَةٌ فَاعْتَصِمُوا بِجَمْعِكُمْ وَلَا تَتَّبِعُوا صَوْتَ الْغَمَامِ فَتَفَرَّقَ بِكُمْ وَأَعْتَصِمُوا بِهَذَا الْقُرْآنِ وَلَا تَتَّبِعُوا الْحَوَادِثَ فَتَفَرَّقَ بِكُمْ وَأَعْتَصِمُوا بِرَسُولِ اللهِ صلى الله عليه وسلم فَإِنْ تَنَزَعْتُمْ فَرِدوا وَرَاضِيتُمُوا لَعَلَّكُمْ تَرْحَمُونَ	إِنَّمَا الْمُؤْمِنُونَ إِخْوَةٌ فَأَصْلِحُوا بَيْنَ أَخَوَيْكُمْ ۚ وَاتَّقُوا اللَّهَ لَعَلَّكُمْ تُرْحَمُونَ	النصُّ ليس حديثًا، بل هو تركيبٌ مُشوَّش من آياتٍ قرآنية. أوضحُ تطابقٍ فيه هو الافتتاحُ الحرفي «إنما المؤمنون إخوة» من الحجرات 10. كما يظهر فيه اقتباسٌ أقصرُ من النساء 59 عبر «فإن تنازعتم»، واقتباسٌ أقصرُ من الأنعام 153 عبر البنية «ولا تتبعوا ... فتفرق بكم». أمّا باقي العبارات مثل «اعتصموا بجمعكم/بهذا القرآن/برسول الله» فهي خلطٌ وتوليف، ولا تحفظ عبارةً قرآنيةً متصلةً أقوى من ذلك.
R004687:a6	hadith	quran	0.29	likely_WRONG_topical_drift	2	سورة النساء 97	سورة النساء 97	إِنَّ أَرْضَ اللَّهِ وَاسِعَةٌ، فَمَنْ أَرَادَ مِنْكُمْ أَنْ يَهْدِي حَيَوَانَهُ فَإِنَّهُ يَهْدِي حَيَوَانَهُ بِخَيْرٍ	إِنَّ الَّذِينَ تَوَفَّاهُمُ الْمَلَائِكَةُ ظَالِمِي أَنْفُسِهِمْ قَالُوا فِيمَ كُنْتُمْ ۖ قَالُوا كُنَّا مُسْتَضْعَفِينَ فِي الْأَرْضِ ۚ قَالُوا أَلَمْ تَكُنْ أَرْضُ اللَّهِ وَاسِعَةً فَتُهَاجِرُوا فِيهَا ۚ فَأُولَـٰئِكَ مَأْوَاهُمْ جَهَنَّمُ ۖ وَسَاءَتْ مَصِيرًا	الجزء الوحيد القابل للاسترداد هو العبارة القرآنية المتصلة «أرض الله واسعة»؛ وهي واردة نصًّا في موضعين من القرآن. أمّا بقيّة الكلام «فمن أراد منكم أن يهدي حيوانه...» فلا تُعرف في حديثٍ نبويّ ولا في آية، فهي زيادة ملفقة على صدرٍ قرآني قصير.
R000823:a3	hadith	quran	0.29	likely_WRONG_topical_drift	1	سورة فاطر 10	سورة فاطر 10	العمل الصالح يُرفع الدرجات، والصبر يُنقذ من النار	مَنْ كَانَ يُرِيدُ الْعِزَّةَ فَلِلَّهِ الْعِزَّةُ جَمِيعًا ۚ إِلَيْهِ يَصْعَدُ الْكَلِمُ الطَّيِّبُ وَالْعَمَلُ الصَّالِحُ يَرْفَعُهُ ۚ وَالَّذِينَ يَمْكُرُونَ السَّيِّئَاتِ لَهُمْ عَذَابٌ شَدِيدٌ ۖ وَمَكْرُ أُولَـٰئِكَ هُوَ يَبُورُ	العبارة ليست حديثًا معروفًا بهذا اللفظ. يمكن استرداد صدرها فقط من قوله تعالى: «وَالْعَمَلُ الصَّالِحُ يَرْفَعُهُ» في فاطر 10؛ إذ يشترك معه في العبارة المتصلة «العمل الصالح يرفع» مع تغيير المفعول إلى «الدرجات». أما الجملة الثانية «والصبر يُنقذ من النار» فلا تُطابق نصًّا قانونيًّا بعينه من القرآن أو الكتب الستة، فهي زيادة تركيبية/معنوية.
R002998:a2	hadith	quran	0.3	likely_WRONG_topical_drift	1	سورة الحاقة 19	سورة الحاقة 19	وإذا كان منكم أحد يقول: هاؤم اقرؤا كتابيه، فقل له: 'اقرأ وعمل به، ولا تنسى أن تحفظ عن القرآن.'	فَأَمَّا مَنْ أُوتِيَ كِتَابَهُ بِيَمِينِهِ فَيَقُولُ هَاؤُمُ اقْرَءُوا كِتَابِيَهْ	The only genuine canonical phrase in the span is the exact Qur'anic run 'هاؤم اقرؤا كتابيه', which comes from سورة الحاقة 19. The surrounding wording ('وإذا كان منكم أحد يقول... فقل له... اقرأ وعمل به...') is fabricated and does not reproduce any contiguous phrase from a canonical hadith or another verse.
R002113:a2	hadith	quran	0.3	likely_WRONG_topical_drift	3	سورة البقرة 173	سورة البقرة 173	إن الله حرم عليكم خياركم، حرم عليكم لحومكم ودمكم وأموالكم، ونهى عن قتل المهاجر بعد الهجرة، والمنبت بعد النبت، والمتخذ من بيوتكم مساجد، ونهى عن أكل الميتة والدم ولحم الخنزير	إِنَّمَا حَرَّمَ عَلَيْكُمُ الْمَيْتَةَ وَالدَّمَ وَلَحْمَ الْخِنْزِيرِ وَمَا أُهِلَّ بِهِ لِغَيْرِ اللَّهِ ۖ فَمَنِ اضْطُرَّ غَيْرَ بَاغٍ وَلَا عَادٍ فَلَا إِثْمَ عَلَيْهِ ۚ إِنَّ اللَّهَ غَفُورٌ رَحِيمٌ	العبارة ليست حديثًا واحدًا؛ أكثرها تركيبٌ مضطرب من شذرات لا تستقيم على نصٍّ نبويٍّ معيّن. لكن خاتمتها «الميتة والدم ولحم الخنزير» تقتبس اقتباسًا مباشرًا من ألفاظ قرآنية متعدّدة، فهي الجزء الوحيد القابل للاسترداد على وجهٍ canonical.
R003183:a3	hadith	quran	0.31	likely_WRONG_topical_drift	4	سورة الإسراء 111	سورة الإسراء 111	لا إِلَهَ إِلّا اللَهُ الواحِدُ الَّذِي لَمْ يَلِدْ وَلَمْ يُولَدْ، وَلَمْ يَكُن لَهُ شَرِيكٌ في المُلْكِ مِنْ شَيْءٍ، وَمَا مِنْ غَيرِهِ مَلِكٌ حَقٌّ	وَقُلِ الْحَمْدُ لِلَّهِ الَّذِي لَمْ يَتَّخِذْ وَلَدًا وَلَمْ يَكُنْ لَهُ شَرِيكٌ فِي الْمُلْكِ وَلَمْ يَكُنْ لَهُ وَلِيٌّ مِنَ الذُّلِّ ۖ وَكَبِّرْهُ تَكْبِيرًا	"النص ليس حديثًا، لكنه تركيبٌ من شذرات قرآنية حقيقية مع خاتمةٍ ملفَّقة: فيه المطابقة التامّة لعبارة ""لَمْ يَلِدْ وَلَمْ يُولَدْ"" من سورة الإخلاص، وعبارة ""وَلَمْ يَكُنْ لَهُ شَرِيكٌ فِي الْمُلْكِ"" من سورتي الإسراء والفرقان. أمّا ""وما من غيره ملك حق"" فلا تُطابق نصًّا قانونيًّا بعينه."
R003660:a3	hadith	quran	0.33	likely_WRONG_topical_drift	1	سورة النمل 65	سورة النمل 65	لا يعلم الغيب إلا الله، ولا يدرك أحدكم متى يموت ولا متى تقوم الساعة	قُلْ لَا يَعْلَمُ مَنْ فِي السَّمَاوَاتِ وَالْأَرْضِ الْغَيْبَ إِلَّا اللَّهُ ۚ وَمَا يَشْعُرُونَ أَيَّانَ يُبْعَثُونَ	الشق الأول فقط قابل للاسترداد بوصفه تلخيصًا/تحريفًا لقول الله تعالى في النمل 65، وأطول عبارة متصلة مشتركة هي: 'الغيب إلا الله'. أما 'ولا يدرك أحدكم متى يموت ولا متى تقوم الساعة' فليست عبارةً من حديثٍ أو آيةٍ واحدة، بل خلطٌ بين معاني من لقمان 34 وأحاديث الساعة دون اقتباسٍ متصل من نصٍّ واحد.
R000101:a2	hadith	quran	0.33	likely_WRONG_topical_drift	3	سورة الحجرات 12	سورة الحجرات 12	... ولا يغتب بعضكم بعضا، ولا تناجشوا، ولا تباغضوا، ولا تحاسدوا، وكونوا عباد الله إخوانا	يَا أَيُّهَا الَّذِينَ آمَنُوا اجْتَنِبُوا كَثِيرًا مِنَ الظَّنِّ إِنَّ بَعْضَ الظَّنِّ إِثْمٌ ۖ وَلَا تَجَسَّسُوا وَلَا يَغْتَبْ بَعْضُكُمْ بَعْضًا ۚ أَيُحِبُّ أَحَدُكُمْ أَنْ يَأْكُلَ لَحْمَ أَخِيهِ مَيْتًا فَكَرِهْتُمُوهُ ۚ وَاتَّقُوا اللَّهَ ۚ إِنَّ اللَّهَ تَوَّابٌ رَحِيمٌ	العبارة ليست حديثًا واحدًا، بل تركيبٌ من نصّين حقيقيين: صدرها «ولا يغتب بعضكم بعضا» من القرآن في الحجرات 12، ثم تُدخِل عليها ألفاظًا من حديث الأخوّة، وأقربه لفظ مسلم «لا تحاسدوا، ولا تناجشوا، ولا تباغضوا ... وكونوا عباد الله إخوانا». فهي قابلة للاسترجاع كنصٍّ مركّب لا كنصّ نبوي واحد.
R001971:a4	hadith	quran	0.33	likely_WRONG_topical_drift	1	سورة البقرة 217	سورة البقرة 217	الشِّرْكُ أَكْبَرُ الْكُفْرِ، وَالْكُفْرُ أَكْبَرُ الْعُدْوَانِ، وَالْعُدْوَانُ أَكْبَرُ الْفَتْنَةِ، وَالْفَتْنَةُ أَكْبَرُ الْبَلَاءِ	يَسْأَلُونَكَ عَنِ الشَّهْرِ الْحَرَامِ قِتَالٍ فِيهِ ۖ قُلْ قِتَالٌ فِيهِ كَبِيرٌ ۖ وَصَدٌّ عَنْ سَبِيلِ اللَّهِ وَكُفْرٌ بِهِ وَالْمَسْجِدِ الْحَرَامِ وَإِخْرَاجُ أَهْلِهِ مِنْهُ أَكْبَرُ عِنْدَ اللَّهِ ۚ وَالْفِتْنَةُ أَكْبَرُ مِنَ الْقَتْلِ ۗ وَلَا يَزَالُونَ يُقَاتِلُونَكُمْ حَتَّىٰ يَرُدُّوكُمْ عَنْ دِينِكُمْ إِنِ اسْتَطَاعُوا ۚ وَمَنْ يَرْتَدِدْ مِنْكُمْ عَنْ دِينِهِ فَيَمُتْ وَهُوَ كَافِرٌ فَأُولَـٰئِكَ حَبِطَتْ أَعْمَالُهُمْ فِي الدُّنْيَا وَالْآخِرَةِ ۖ وَأُولَـٰئِكَ أَصْحَابُ النَّارِ ۖ هُمْ فِيهَا خَالِدُونَ	العبارة في معظمها سلسلة مُختلَقة لا تُعرف في حديثٍ ولا آية، لكن آخرها يقتبس اقتباسًا قصيرًا قابلًا للتعرّف من قوله تعالى: 'وَالْفِتْنَةُ أَكْبَرُ مِنَ الْقَتْلِ' في البقرة 217؛ إذ بقيت منها العبارة المتصلة 'والفتنة أكبر' مع استبدال 'من القتل' بـ'البلاء'. ولا يظهر لبقية الجمل أصلٌ قانونيٌّ بلفظها.
R001052:a4	hadith	quran	0.33	likely_WRONG_topical_drift	1	سورة الأعراف 178	سورة الأعراف 178	من يهدي الله فهو المهتدي، ومن يضلل فلا هادي له، وهو على كل شيء قدير	مَنْ يَهْدِ اللَّهُ فَهُوَ الْمُهْتَدِي ۖ وَمَنْ يُضْلِلْ فَأُولَـٰئِكَ هُمُ الْخَاسِرُونَ	العبارة ليست حديثًا صحيحًا بهذا اللفظ، لكنها تُستَعاد بوضوح من صدر آية قرآنية واحدة: «مَنْ يَهْدِ اللَّهُ فَهُوَ الْمُهْتَدِي وَمَنْ يُضْلِلْ ...» من الأعراف 178، ثم لُفِّق بعدها «فلا هادي له» و«وهو على كل شيء قدير» من صيغ شائعة أخرى. أقوى تطابق متصل ومميز هو مع الأعراف 178، أما بقيّة الألفاظ هنا فمركَّبة ولا تنهض لتعيين نصٍّ واحدٍ آخر على وجه منضبط.
R000023:a6	hadith	quran	0.33	likely_WRONG_topical_drift	6	سورة النساء 59	سورة النساء 59	أطيعوا الله ورسوله وأولي الأمر منكم، وأعلموا أني قد خلفت فيكم الإمام، فمن عصاه فقد عصى الله ورسوله	يَا أَيُّهَا الَّذِينَ آمَنُوا أَطِيعُوا اللَّهَ وَأَطِيعُوا الرَّسُولَ وَأُولِي الْأَمْرِ مِنْكُمْ ۖ فَإِنْ تَنَازَعْتُمْ فِي شَيْءٍ فَرُدُّوهُ إِلَى اللَّهِ وَالرَّسُولِ إِنْ كُنْتُمْ تُؤْمِنُونَ بِاللَّهِ وَالْيَوْمِ الْآخِرِ ۚ ذَٰلِكَ خَيْرٌ وَأَحْسَنُ تَأْوِيلًا	العبارة مُركَّبة من نصَّين حقيقيين مع زيادة ملفَّقة في الوسط: صدرها يحرّف افتتاح النساء 59، وأوضح run متصل منه هو «وأولي الأمر منكم». وآخرها يخلط حديث الطاعة المشهور «ومن عصاني فقد عصى الله ... ومن يعص الأمير فقد عصاني»؛ لكن الزيادة «وأعلموا أني قد خلفت فيكم الإمام» لا أصل لها في القرآن ولا في الكتب الستة.
R003302:a5	hadith	quran	0.33	likely_WRONG_topical_drift	1	سورة النساء 34	سورة النساء 34	وَلِلرِّجَالِ عَلَى النِّسَاءِ قِوَامًا	الرِّجَالُ قَوَّامُونَ عَلَى النِّسَاءِ بِمَا فَضَّلَ اللَّهُ بَعْضَهُمْ عَلَىٰ بَعْضٍ وَبِمَا أَنْفَقُوا مِنْ أَمْوَالِهِمْ ۚ فَالصَّالِحَاتُ قَانِتَاتٌ حَافِظَاتٌ لِلْغَيْبِ بِمَا حَفِظَ اللَّهُ ۚ وَاللَّاتِي تَخَافُونَ نُشُوزَهُنَّ فَعِظُوهُنَّ وَاهْجُرُوهُنَّ فِي الْمَضَاجِعِ وَاضْرِبُوهُنَّ ۖ فَإِنْ أَطَعْنَكُمْ فَلَا تَبْغُوا عَلَيْهِنَّ سَبِيلًا ۗ إِنَّ اللَّهَ كَانَ عَلِيًّا كَبِيرًا	العبارة ليست حديثًا، وإنما هي تحريفٌ قابلٌ للاسترداد لقول الله تعالى في سورة النساء 34: «ٱلرِّجَالُ قَوَّٰمُونَ عَلَى ٱلنِّسَآءِ». المطابقة المتصلة الوحيدة الصريحة من span هي «على النساء»، مع قلبٍ في ترتيب الألفاظ وتحويل «قَوَّٰمُونَ» إلى «قِوَامًا»، لذا المرشح واحد وثقته منخفضة.
R002809:a2	hadith	quran	0.35	likely_WRONG_topical_drift	1	سورة البقرة 222	سورة البقرة 222	كان الحيض يُنزل قبل البعثة، فكان الرجل يأتينا فيقول: ما هذا؟ فيقال: الحيض، فيقول: فكيف تصنعون؟ فيقال: نغتسل ونصلي، فنزلت هذه الآية: <aya_start>ويسألونك عن المحيض قل هو أذى فاعتزلوا النساء في المحيض ولا تقربوهن حتى يطهرن<aya_end> (البقرة:222)	وَيَسْأَلُونَكَ عَنِ الْمَحِيضِ ۖ قُلْ هُوَ أَذًى فَاعْتَزِلُوا النِّسَاءَ فِي الْمَحِيضِ ۖ وَلَا تَقْرَبُوهُنَّ حَتَّىٰ يَطْهُرْنَ ۖ فَإِذَا تَطَهَّرْنَ فَأْتُوهُنَّ مِنْ حَيْثُ أَمَرَكُمُ اللَّهُ ۚ إِنَّ اللَّهَ يُحِبُّ التَّوَّابِينَ وَيُحِبُّ الْمُتَطَهِّرِينَ	المتن المصنوع قبل الاقتباس القرآني ('كان الحيض يُنزل قبل البعثة...') لا يطابق حديثًا نبويًا بعينه ولا يحفظ عبارة متصلة معروفة من أحد كتب السنة الستة؛ أمّا الجزء المقتبس من القرآن فهو نصٌّ حقيقي من البقرة 222، وفيه تطابق متصل طويل واضح.
R001800:a3	hadith	quran	0.37	likely_WRONG_topical_drift	1	سورة البقرة 144	سورة البقرة 144	كان ابراهيم في السماء، فقال الله: يابن آدم، قلت: هو، قال: أين وجوه عبادي؟ قلت: في الأراضي، قال: أترون وجوههم في السماء؟ قلت: نعم، قال: أترى وجهك في السماء؟ قلت: نعم، قال: قد نرى تقلب وجهك في السماء، فلنولينك قبلة ترضاها	قَدْ نَرَىٰ تَقَلُّبَ وَجْهِكَ فِي السَّمَاءِ ۖ فَلَنُوَلِّيَنَّكَ قِبْلَةً تَرْضَاهَا ۚ فَوَلِّ وَجْهَكَ شَطْرَ الْمَسْجِدِ الْحَرَامِ ۚ وَحَيْثُ مَا كُنْتُمْ فَوَلُّوا وُجُوهَكُمْ شَطْرَهُ ۗ وَإِنَّ الَّذِينَ أُوتُوا الْكِتَابَ لَيَعْلَمُونَ أَنَّهُ الْحَقُّ مِنْ رَبِّهِمْ ۗ وَمَا اللَّهُ بِغَافِلٍ عَمَّا يَعْمَلُونَ	الجزء الأخير من span يقتبس اقتباسًا شبه حرفي من قوله تعالى: 'قد نرى تقلب وجهك في السماء فلنولينك قبلة ترضاها' في البقرة 144، أما ما قبله فهو حوار ملفق لا يطابق حديثًا canonically. فالنص ليس حديثًا، لكنه يتضمن تحريفًا/إقحامًا لآية قرآنية محددة.
R003124:a3	hadith	quran	0.38	likely_WRONG_topical_drift	1	سورة المائدة 32	سورة المائدة 32	من قتل نفسا بغير حق، فليس له مسلم يوم القيامة	مِنْ أَجْلِ ذَٰلِكَ كَتَبْنَا عَلَىٰ بَنِي إِسْرَائِيلَ أَنَّهُ مَنْ قَتَلَ نَفْسًا بِغَيْرِ نَفْسٍ أَوْ فَسَادٍ فِي الْأَرْضِ فَكَأَنَّمَا قَتَلَ النَّاسَ جَمِيعًا وَمَنْ أَحْيَاهَا فَكَأَنَّمَا أَحْيَا النَّاسَ جَمِيعًا ۚ وَلَقَدْ جَاءَتْهُمْ رُسُلُنَا بِالْبَيِّنَاتِ ثُمَّ إِنَّ كَثِيرًا مِنْهُمْ بَعْدَ ذَٰلِكَ فِي الْأَرْضِ لَمُسْرِفُونَ	افتتاح span بعبارة «من قتل نفسا بغير» يطابق على نحوٍ واضح صدر آية المائدة 32: «مَن قَتَلَ نَفْسًا بِغَيْرِ نَفْسٍ...». أما «حق» فاستبدالٌ محرَّف لـ«نفسٍ أو فسادٍ في الأرض»، والجملة الأخيرة «فليس له مسلم يوم القيامة» لا تطابق نصًّا قانونيًّا معروفًا وتبدو زيادةً ملفقة. لذا فهو تحريفٌ قابل للاسترداد لآية واحدة فقط.
R001649:a3	hadith	quran	0.38	likely_WRONG_topical_drift	1	سورة الطلاق 7	سورة الطلاق 7	إن الله عز وجل يحب أن يعين المرء على مصيبته، وإن الله لا يكلف نفساً إلا ما طاقت	لِيُنْفِقْ ذُو سَعَةٍ مِنْ سَعَتِهِ ۖ وَمَنْ قُدِرَ عَلَيْهِ رِزْقُهُ فَلْيُنْفِقْ مِمَّا آتَاهُ اللَّهُ ۚ لَا يُكَلِّفُ اللَّهُ نَفْسًا إِلَّا مَا آتَاهَا ۚ سَيَجْعَلُ اللَّهُ بَعْدَ عُسْرٍ يُسْرًا	الشق الأول: 'إن الله عز وجل يحب أن يعين المرء على مصيبته' لا يطابق عبارةً متصلةً من آيةٍ ولا من حديثٍ في الكتب الستة، فهو تركيب وعظي لا نصٌّ محفوظ. الشق الثاني يقترب من قوله تعالى: 'لَا يُكَلِّفُ ٱللَّهُ نَفْسًا إِلَّا مَآ ءَاتَىٰهَا'، وفيه عبارة متصلة مشتركة هي 'نفسا إلا ما'. وأما المشابهة مع 'لَا يُكَلِّفُ ٱللَّهُ نَفْسًا إِلَّا وُسْعَهَا' فهي معنوية أكثر من كونها اقتباسًا لفظيًّا متصلًا، فلا تُدرج هنا.
R003554:a3	hadith	quran	0.38	likely_WRONG_topical_drift	1	سورة البقرة 213	سورة البقرة 213	الناس أمة واحدة، ورجل من أمتي يُؤذى من بني عميّة، ورجل من بني عميّة يُؤذى من أمتي	كَانَ النَّاسُ أُمَّةً وَاحِدَةً فَبَعَثَ اللَّهُ النَّبِيِّينَ مُبَشِّرِينَ وَمُنْذِرِينَ وَأَنْزَلَ مَعَهُمُ الْكِتَابَ بِالْحَقِّ لِيَحْكُمَ بَيْنَ النَّاسِ فِيمَا اخْتَلَفُوا فِيهِ ۚ وَمَا اخْتَلَفَ فِيهِ إِلَّا الَّذِينَ أُوتُوهُ مِنْ بَعْدِ مَا جَاءَتْهُمُ الْبَيِّنَاتُ بَغْيًا بَيْنَهُمْ ۖ فَهَدَى اللَّهُ الَّذِينَ آمَنُوا لِمَا اخْتَلَفُوا فِيهِ مِنَ الْحَقِّ بِإِذْنِهِ ۗ وَاللَّهُ يَهْدِي مَنْ يَشَاءُ إِلَىٰ صِرَاطٍ مُسْتَقِيمٍ	"الافتتاح فقط قابل للاسترداد: العبارة المتصلة ""الناس أمة واحدة"" تطابق جزءًا متصلًا من قوله تعالى في البقرة 213: ""كان الناس أمة واحدة"". أما باقي الكلام عن ""رجل من أمتي..."" و""بني أمية"" فلا يُعرف له نظير متصل في القرآن ولا في الكتب الستة، ويبدو زيادةً ملفقة على صدرٍ قرآني."
R002363:a2	hadith	quran	0.38	likely_WRONG_topical_drift	1	سورة البقرة 228	سورة البقرة 228	كانت عائشة رضي الله عنها تسأل النبي صلى الله عليه وسلم عن الحرة التي طلقت قبل أن يظهر لها شيء، فأنزل الله تعالى: {والمطلقات يتربصن بأنفسهن ثلاثة قروء}	وَالْمُطَلَّقَاتُ يَتَرَبَّصْنَ بِأَنْفُسِهِنَّ ثَلَاثَةَ قُرُوءٍ ۚ وَلَا يَحِلُّ لَهُنَّ أَنْ يَكْتُمْنَ مَا خَلَقَ اللَّهُ فِي أَرْحَامِهِنَّ إِنْ كُنَّ يُؤْمِنَّ بِاللَّهِ وَالْيَوْمِ الْآخِرِ ۚ وَبُعُولَتُهُنَّ أَحَقُّ بِرَدِّهِنَّ فِي ذَٰلِكَ إِنْ أَرَادُوا إِصْلَاحًا ۚ وَلَهُنَّ مِثْلُ الَّذِي عَلَيْهِنَّ بِالْمَعْرُوفِ ۚ وَلِلرِّجَالِ عَلَيْهِنَّ دَرَجَةٌ ۗ وَاللَّهُ عَزِيزٌ حَكِيمٌ	الجزء القصصي عن عائشة رضي الله عنها والسؤال عن المطلقة لا يُعرف في الكتب الستة بهذا اللفظ، ويبدو تركيبًا غير ثابت. لكن العبارة المقتبسة {والمطلقات يتربصن بأنفسهن ثلاثة قروء} هي صدر آية قرآنية صحيحة بنصها، فهي النصّ القانوني الوحيد الذي يطابق span مطابقةً متصلة.
R005471:a5	hadith	quran	0.39	likely_WRONG_topical_drift	1	سورة الطلاق 2-3	سورة الطلاق 2-3	"جعل رسول الله صلى الله عليه وسلم يتلو عليَّ هذه الآية: {وَمَنْ يَتَّقِ اللَّهَ يَجْعَلْ لَهُ مَخْرَجًا * وَيَرْزُقْهُ مِنْ حَيْثُ لَا يَحْتَسِبُ} فجعل يرددها حتى نعستُ، فقال: **""يا أبا ذرٍّ، لو أنَّ النَّاسَ كلَّهم أخذوا بها لكفَتْهم""**"	فَإِذَا بَلَغْنَ أَجَلَهُنَّ فَأَمْسِكُوهُنَّ بِمَعْرُوفٍ أَوْ فَارِقُوهُنَّ بِمَعْرُوفٍ وَأَشْهِدُوا ذَوَيْ عَدْلٍ مِنْكُمْ وَأَقِيمُوا الشَّهَادَةَ لِلَّهِ ۚ ذَٰلِكُمْ يُوعَظُ بِهِ مَنْ كَانَ يُؤْمِنُ بِاللَّهِ وَالْيَوْمِ الْآخِرِ ۚ وَمَنْ يَتَّقِ اللَّهَ يَجْعَلْ لَهُ مَخْرَجًا وَيَرْزُقْهُ مِنْ حَيْثُ لَا يَحْتَسِبُ ۚ وَمَنْ يَتَوَكَّلْ عَلَى اللَّهِ فَهُوَ حَسْبُهُ ۚ إِنَّ اللَّهَ بَالِغُ أَمْرِهِ ۚ قَدْ جَعَلَ اللَّهُ لِكُلِّ شَيْءٍ قَدْرًا	The span contains an exact Qur'anic run: 'ومن يتق الله يجعل له مخرجا ويرزقه من حيث لا يحتسب', which is verbatim from سورة الطلاق 2-3. The surrounding Abu Dharr framing and closing sentence are not recoverable with sufficient certainty here as a single canonical matn from the six books, so the only clear canonical match is the embedded ayah.
R000587:a11	hadith	quran	0.4	likely_WRONG_topical_drift	3	سورة آل عمران 76	سورة آل عمران 76	اللّهُ يُحبّ المُتّقينَ، وَيُحبّ الّذينَ يَكْتُمُونَ عَيْبَهُمْ	بَلَىٰ مَنْ أَوْفَىٰ بِعَهْدِهِ وَاتَّقَىٰ فَإِنَّ اللَّهَ يُحِبُّ الْمُتَّقِينَ	العبارة قابلة للاستدراك من القرآن لا من الحديث: صدرها يقتبس اقتباسًا مباشرًا عبارة «اللَّهَ يُحِبُّ الْمُتَّقِينَ» الواردة في عدة آيات، أما الجملة المضافة «ويحب الذين يكتمون عيبهم» فلا تُعرف في نصٍّ قرآني ولا في حديث من الكتب الستة، فهي زيادة ملفقة على اقتباس قرآني صحيح.
R000840:a2	hadith	quran	0.4	likely_WRONG_topical_drift	1	سورة النساء 36	سورة النساء 36	إنما هي الدعوة، فادعوا الله وَلَا تَشْرَكُوا بِهِ شَيْئًا	۞ وَاعْبُدُوا اللَّهَ وَلَا تُشْرِكُوا بِهِ شَيْئًا ۖ وَبِالْوَالِدَيْنِ إِحْسَانًا وَبِذِي الْقُرْبَىٰ وَالْيَتَامَىٰ وَالْمَسَاكِينِ وَالْجَارِ ذِي الْقُرْبَىٰ وَالْجَارِ الْجُنُبِ وَالصَّاحِبِ بِالْجَنْبِ وَابْنِ السَّبِيلِ وَمَا مَلَكَتْ أَيْمَانُكُمْ ۗ إِنَّ اللَّهَ لَا يُحِبُّ مَنْ كَانَ مُخْتَالًا فَخُورًا	The span is not a real hadith. Its only clear recoverable canonical backbone is Qur'an 4:36, where the exact contiguous run 'الله ولا تشركوا به شيئا' appears; the opening 'إنما هي الدعوة، فادعوا' is intrusive/fused wording and does not independently yield another strong canonical match.
R000150:a4	hadith	quran	0.4	likely_WRONG_topical_drift	1	سورة آل عمران 97	سورة آل عمران 97	من وجد إليه سبيلاً، فليذهب إلى الحج	فِيهِ آيَاتٌ بَيِّنَاتٌ مَقَامُ إِبْرَاهِيمَ ۖ وَمَنْ دَخَلَهُ كَانَ آمِنًا ۗ وَلِلَّهِ عَلَى النَّاسِ حِجُّ الْبَيْتِ مَنِ اسْتَطَاعَ إِلَيْهِ سَبِيلًا ۚ وَمَنْ كَفَرَ فَإِنَّ اللَّهَ غَنِيٌّ عَنِ الْعَالَمِينَ	"Recoverable only as a loose paraphrase of القرآن في سورة آل عمران 97: the distinctive contiguous phrase ""إليه سبيلا"" is preserved from ""من استطاع إليه سبيلا"", while ""وجد"" paraphrases ""استطاع"" and ""فليذهب إلى الحج"" is an added imperative not found in the canonical text. No hadith in the six books genuinely matches this wording."
R002484:a4	hadith	quran	0.4	likely_WRONG_topical_drift	1	سورة البقرة 228	سورة البقرة 228	أَقْرَأَتَا في مُدَّةِ الطَّلاقِ ثَلاثَةَ قُرُوءٍ	وَالْمُطَلَّقَاتُ يَتَرَبَّصْنَ بِأَنْفُسِهِنَّ ثَلَاثَةَ قُرُوءٍ ۚ وَلَا يَحِلُّ لَهُنَّ أَنْ يَكْتُمْنَ مَا خَلَقَ اللَّهُ فِي أَرْحَامِهِنَّ إِنْ كُنَّ يُؤْمِنَّ بِاللَّهِ وَالْيَوْمِ الْآخِرِ ۚ وَبُعُولَتُهُنَّ أَحَقُّ بِرَدِّهِنَّ فِي ذَٰلِكَ إِنْ أَرَادُوا إِصْلَاحًا ۚ وَلَهُنَّ مِثْلُ الَّذِي عَلَيْهِنَّ بِالْمَعْرُوفِ ۚ وَلِلرِّجَالِ عَلَيْهِنَّ دَرَجَةٌ ۗ وَاللَّهُ عَزِيزٌ حَكِيمٌ	العبارة ليست حديثًا، لكنها تبدو تحريفًا/تلخيصًا فقهيًا لآية العِدَّة في المطلقة. لا يظهر منها نصٌّ حديثيٌّ من الكتب الستة، وأوضح ما يُستعاد منها هو phrase المتصلة المميِّزة «ثلاثة قروء» من البقرة 228، أما «في مدة الطلاق» و«أقرأتا» فليستا من ألفاظ النص القرآني.
R001045:a3	hadith	quran	0.4	likely_WRONG_topical_drift	1	سورة المجادلة 1	سورة المجادلة 1	يا فاطمة، إنَّ اللهَ قد سمع قولَ التي تُجادِلُكَ في زَوْجِها، فما أراكِ إلا قد رجعْتِ إلى ما كنتِ عليه من زوجِك	قَدْ سَمِعَ اللَّهُ قَوْلَ الَّتِي تُجَادِلُكَ فِي زَوْجِهَا وَتَشْتَكِي إِلَى اللَّهِ وَاللَّهُ يَسْمَعُ تَحَاوُرَكُمَا ۚ إِنَّ اللَّهَ سَمِيعٌ بَصِيرٌ	The span clearly stitches a Qur'anic phrase into a fabricated/paraphrased narrative. The contiguous run 'قد سمع قول التي تجادلك في زوجها' matches سورة المجادلة 1 directly. The opening 'يا فاطمة' and the closing 'فما أراك إلا قد رجعت إلى ما كنت عليه من زوجك' do not reproduce a canonical hadith wording from the six books here.
R001745:a2	hadith	quran	0.43	likely_WRONG_topical_drift	1	سورة الزمر 10	سورة الزمر 10	إنا لا نُعَلِّمُكُمْ إلَّا مَا نَعُمُّهُ، وَإِنَّمَا يُوفَى الصَّابِرِينَ أَجْرُهُمْ	قُلْ يَا عِبَادِ الَّذِينَ آمَنُوا اتَّقُوا رَبَّكُمْ ۚ لِلَّذِينَ أَحْسَنُوا فِي هَـٰذِهِ الدُّنْيَا حَسَنَةٌ ۗ وَأَرْضُ اللَّهِ وَاسِعَةٌ ۗ إِنَّمَا يُوَفَّى الصَّابِرُونَ أَجْرَهُمْ بِغَيْرِ حِسَابٍ	الشق الأخير فقط قابل للتصحيح: العبارة المتصلة «وإنما يوفى الصابرين أجرهم» تحرّف قوله تعالى في الزمر 10: «إِنَّمَا يُوَفَّى الصَّابِرُونَ أَجْرَهُمْ ...» مع اختلاف إعرابي في «الصابرين/الصابرون» وحذف «بغير حساب». أما صدر الجملة «إنا لا نعلمكم إلا ما نعمه» فلا يطابق عبارة متصلة معروفة من حديث أو آية، فيبدو ملفقًا ومفصولًا عن الذيل القرآني.
R000410:a2	hadith	quran	0.43	likely_WRONG_topical_drift	1	سورة المائدة 32	سورة المائدة 32	من قتل نفسا بغير حق ، وكأنه قتل البشرية بأكملها	مِنْ أَجْلِ ذَٰلِكَ كَتَبْنَا عَلَىٰ بَنِي إِسْرَائِيلَ أَنَّهُ مَنْ قَتَلَ نَفْسًا بِغَيْرِ نَفْسٍ أَوْ فَسَادٍ فِي الْأَرْضِ فَكَأَنَّمَا قَتَلَ النَّاسَ جَمِيعًا وَمَنْ أَحْيَاهَا فَكَأَنَّمَا أَحْيَا النَّاسَ جَمِيعًا ۚ وَلَقَدْ جَاءَتْهُمْ رُسُلُنَا بِالْبَيِّنَاتِ ثُمَّ إِنَّ كَثِيرًا مِنْهُمْ بَعْدَ ذَٰلِكَ فِي الْأَرْضِ لَمُسْرِفُونَ	The span is a distorted quotation of Qur'an 5:32, not a hadith. It preserves the contiguous run 'من قتل نفسا بغير' from the verse, while replacing 'بغير نفس أو فساد في الأرض' with 'بغير حق' and paraphrasing 'فكأنما قتل الناس جميعا' as 'وكأنه قتل البشرية بأكملها'.
R001745:a1	hadith	quran	0.43	likely_WRONG_topical_drift	1	سورة الزمر 10	سورة الزمر 10	إنا لا نُعَلِّمُكُمْ إلَّا مَا نَعُمُّهُ، وَإِنَّمَا يُوفَى الصَّابِرِينَ أَجْرُهُمْ	قُلْ يَا عِبَادِ الَّذِينَ آمَنُوا اتَّقُوا رَبَّكُمْ ۚ لِلَّذِينَ أَحْسَنُوا فِي هَـٰذِهِ الدُّنْيَا حَسَنَةٌ ۗ وَأَرْضُ اللَّهِ وَاسِعَةٌ ۗ إِنَّمَا يُوَفَّى الصَّابِرُونَ أَجْرَهُمْ بِغَيْرِ حِسَابٍ	صدرُ العبارة الأوّل («إنا لا نعلمكم إلا ما نعمه») لا يطابق نصًّا قرآنيًّا ولا حديثيًّا canonically وهو garbled، لكن الشطر الثاني يحرّف بوضوح قوله تعالى في الزمر 10: «إِنَّمَا يُوَفَّى الصَّابِرُونَ أَجْرَهُم بِغَيْرِ حِسَابٍ»، مع تحويل «الصابرون» إلى «الصابرين» وحذف «بغير حساب».
R001501:a3	hadith	quran	0.46	likely_WRONG_topical_drift	2	سورة الأنبياء 87	سورة الأنبياء 87	من قرأ هذه الآية في يوم وليلة: <aya_start>لا إِلَهَ إِلَّا أَنْتَ سُبْحَانَكَ إِنِّي كُنْتُ مِنَ الظَّالِمِينَ<aya_end>، فكأنما قرأ ثلث القرآن	وَذَا النُّونِ إِذْ ذَهَبَ مُغَاضِبًا فَظَنَّ أَنْ لَنْ نَقْدِرَ عَلَيْهِ فَنَادَىٰ فِي الظُّلُمَاتِ أَنْ لَا إِلَـٰهَ إِلَّا أَنْتَ سُبْحَانَكَ إِنِّي كُنْتُ مِنَ الظَّالِمِينَ	العبارة ليست حديثًا صحيحًا بهذا اللفظ؛ هي تركيبٌ ملفَّق. المقطع القرآني «لا إله إلا أنت سبحانك إني كنت من الظالمين» من سورة الأنبياء 87 واردٌ لفظًا، وهو أيضًا داخلٌ في حديث «دعوة ذي النون» في الترمذي. أمّا الجملة «فكأنما قرأ ثلث القرآن» فلا تطابق حديثًا صحيحًا في هذا الموضع، بل تُشبه خلطًا بروايات فضل سورة الإخلاص. لذا فالمتن recoverable جزئيًّا إلى نصَّين حقيقيَّين بسبب التطابق اللفظي الطويل في ذلك المقطع فقط.
R002795:a6	quran	hadith	0.09	likely_WRONG_topical_drift	3	جامع الترمذي 100656	صحيح البخاري 6490	ولا تنظروا إلى من دخل ساقيا مسجدكم فيتعظم بنفسه أو يكون من القوم الذين يعلمون أنه ليس بالمؤمنين	انْظُرُوا إِلَى مَنْ هُوَ أَسْفَلَ مِنْكُمْ ، وَلَا تَنْظُرُوا إِلَى مَنْ هُوَ فَوْقَكُمْ؛ فَإِنَّهُ أَجْدَرُ أَنْ لَا تَزْدَرُوا نِعْمَةَ اللهِ عَلَيْكُمْ	ليس آية قرآنية. أقرب نصٍّ قانونيٍّ يمكن استرداده هو حديث: «ولا تنظروا إلى من هو فوقكم...»، وقد ورد بهذا اللفظ أو نحوه في الصحيحين. المطابقة هنا قصيرة ومحصورة في الافتتاح «ولا تنظروا إلى من»، ثم ينحرف الكلام إلى تركيب ملفَّق عن دخول المسجد وكونه ليس بالمؤمنين؛ فلا يظهر تطابق قرآنيٌّ معتبر.
R002340:a1	quran	hadith	0.25	likely_WRONG_topical_drift	9	صحيح البخاري 5591	صحيح البخاري 3535	يا أيها الناس قد جاءت بي البينات من ربكم وأنا خاتم النبيين وأنزل إليك كل كلمة حسنة هذا كتاب عزيز ألا يفترون	إِنَّ مَثَلِي وَمَثَلَ الْأَنْبِيَاءِ مِنْ قَبْلِي كَمَثَلِ رَجُلٍ بَنَى بَيْتًا فَأَحْسَنَهُ وَأَجْمَلَهُ إِلَّا مَوْضِعَ لَبِنَةٍ مِنْ زَاوِيَةٍ فَجَعَلَ النَّاسُ يَطُوفُونَ بِهِ وَيَعْجَبُونَ لَهُ وَيَقُولُونَ هَلَّا وُضِعَتْ هَذِهِ اللَّبِنَةُ قَالَ فَأَنَا اللَّبِنَةُ وَأَنَا خَاتَمُ النَّبِيِّينَ .	"النص مُرَكَّب ومختلط في أكثره، لكن فيه عبارةٌ قرآنية/حديثية قابلة للاسترجاع: ""وأنا خاتم النبيين"" تطابق نصًّا حديثيًّا ثابتًا في البخاري ومسلم، كما أن ""خاتم النبيين"" توافق phrase قرآنية من الأحزاب 40. أما بقيته مثل ""يا أيها الناس... البينات من ربكم... وأنزل إليك... هذا كتاب عزيز"" فهي خليط من أساليب وقطع متفرقة لا تُكوِّن اقتباسًا متصلًا من نص واحد."
R004099:a2	quran	hadith	0.25	likely_WRONG_topical_drift	6	صحيح البخاري 1448	صحيح البخاري 877	وَإِذَا جَاءَ أَحَدُكُمْ الْجِمَاعُ فَلْيَغْسِلْ نَفْسَهُ وَلَا يَأْمَنُوا إِلَى الْمُسَافِرِ حَتَّى يَجِفَّ عَلَيْهِمْ	إِذَا جَاءَ أَحَدُكُمُ الْجُمُعَةَ فَلْيَغْتَسِلْ	الشق الأول فقط قابل للاسترداد: «وَإِذَا جَاءَ أَحَدُكُمْ الْجِمَاعُ فَلْيَغْسِلْ نَفْسَهُ» هو تحريف ظاهر لحديث «إِذَا جَاءَ أَحَدُكُمُ الْجُمُعَةَ فَلْيَغْتَسِلْ»؛ وفيه فساد في «الجماع/الجمعة» و«فليغسل نفسه/فليغتسل». أمّا الذيل «وَلَا يَأْمَنُوا إِلَى الْمُسَافِرِ حَتَّى يَجِفَّ عَلَيْهِمْ» فلا يُطابق نصًّا قرآنيًّا ولا حديثيًّا canonically، وهو تركيب دخيل. لذا تُعاد فقط نصوص الحديث التي يَظهر أن الصدر يشوّهها.
R004191:a1	quran	hadith	0.26	likely_WRONG_topical_drift	5	صحيح مسلم 11701	صحيح مسلم 34	رَبِّ أَوْزِعْنِي أَنْ أَقُومَ بِالصَّلَاةِ فَرِيضَتَكَ وَتُقِيمَ الصَّلَاةَ وَتُرِيدُ أَنْ تُرِيحَنِي مِنْ أَسْوَأِ الْحَالِ إِلَيْكَ رَضِيتُ بِاللَّهِ رَبًّا وَبِالْإِسْلَامِ دِينًا وَبِمُحَمَّدٍ صَلَّى اللَّهُ عَلَيْهِ وَسَلَّمَ نَبِيًّا	ذَاقَ طَعْمَ الْإِيمَانِ مَنْ رَضِيَ بِاللهِ رَبًّا وَبِالْإِسْلَامِ دِينًا وَبِمُحَمَّدٍ رَسُولًا	العبارة مركبة ومخلوطة، وليست آية واحدة: صدرها يقتبس افتتاح الدعاء القرآني «رَبِّ أَوْزِعْنِي أَنْ ...» من آيتين، وخاتمتها تقتبس صيغة حديثية «... بِاللَّهِ رَبًّا وَبِالْإِسْلَامِ دِينًا وَبِمُحَمَّدٍ ...». أما الوسط المتعلق بـ«أقوم بالصلاة... أسوأ الحال» فلا يظهر فيه نصٌّ قانونيٌّ متصل من القرآن أو الكتب الستة.
R003817:a1	quran	hadith	0.29	likely_WRONG_topical_drift	2	سنن ابن ماجه 112692	جامع الترمذي 1726	وَمَا أَحَلَّ اللَّهُ لِلْإِنْسَانِ مِنْ طَيْبٍ فَأَحَلَّهُ لَهُ وَمَا حَرَّمَ عَلَى الْإِنْسَانِ فَحَرَّمَهُ عَلَيْهِ	سُئِلَ رَسُولُ اللهِ صَلَّى اللهُ عَلَيْهِ وَسَلَّمَ عَنِ السَّمْنِ وَالْجُبْنِ وَالْفِرَاءِ ، قَالَ: الْحَلَالُ مَا أَحَلَّ اللهُ فِي كِتَابِهِ ، وَالْحَرَامُ مَا حَرَّمَ اللهُ فِي كِتَابِهِ ، وَمَا سَكَتَ عَنْهُ فَهُوَ مِمَّا عَفَا عَنْهُ .	ليس آيةً قرآنية. وهو أقربُ إلى paraphrase مشوَّه لحديث: «الْحَلَالُ مَا أَحَلَّ اللَّهُ فِي كِتَابِهِ، وَالْحَرَامُ مَا حَرَّمَ اللَّهُ فِي كِتَابِهِ...». المطابقة هنا ضعيفة لأن أطول run متصل محفوظ من span هو «ما أحل الله»، مع موازاةٍ دلالية في شطر «وما حرم...»، لذا التصحيح recoverable لكن بثقة منخفضة.
R003466:a1	quran	hadith	0.38	likely_WRONG_topical_drift	9	صحيح مسلم 13493	صحيح مسلم 713	اللَّهُمَّ إِنِّي أَسْأَلُكَ مِن فَضلِكَ وَمِن رَحْمَتِكَ، اللَّهُمَّ إِنِّي أَسْأَلُكَ مِن فَضلِ كُلِّ صَلاَةٍ وَإِنَظِمَامِ كُلِّ طَعْنَةٍ، اللَّهُمَّ عَافِ عَنّي وَأَنتَ أَرْحَمُ الرَاحِمِينَ	إِذَا دَخَلَ أَحَدُكُمُ الْمَسْجِدَ فَلْيَقُلِ : اللَّهُمَّ افْتَحْ لِي أَبْوَابَ رَحْمَتِكَ ، وَإِذَا خَرَجَ فَلْيَقُلِ : اللَّهُمَّ إِنِّي أَسْأَلُكَ مِنْ فَضْلِكَ	العبارة ليست آية، لكنها ليست baseless تمامًا: فيها اقتباس صحيحٌ واضح من دعاء الخروج من المسجد: 'اللهم إني أسألك من فضلك'، وفي خاتمتها اقتباس قرآني قصير: 'وأنت أرحم الراحمين'، وهو وارد في آيتين. أمّا الجملة الوسطى 'من فضل كل صلاة وإنظام كل طعنة' فلا تُعرف في نصٍّ قرآني ولا حديثيٍّ من الكتب الستة، فهي تركيب ملفّق.
R004719:a4	quran	hadith	0.4	likely_WRONG_topical_drift	8	جامع الترمذي 100876	صحيح مسلم 1037	وَمَن يُرِدِ اللَّهُ فِيهِ خَيْرًا فَلاَ يَمْنَعُهُ عِلْمًا	مَنْ يُرِدِ اللهُ بِهِ خَيْرًا يُفَقِّهْهُ فِي الدِّينِ	ليس آية قرآنية. العبارة تبدو تحريفًا للحديث المشهور: «مَنْ يُرِدِ اللَّهُ بِهِ خَيْرًا يُفَقِّهْهُ فِي الدِّينِ». الذي بقي منها بوضوح هو الافتتاح «من يرد الله»، مع بقاء «خيرًا» بعد فساد «به» إلى «فيه»، ثم استبدال آخر الحديث بتركيب مختلق «فلا يمنعه علمًا».
R003305:a2	quran	hadith	0.45	likely_WRONG_topical_drift	6	صحيح مسلم 19825	صحيح مسلم 2713	هو الأول فليس شيء قبله وهو الآخر فليس شيء بعده وهو الباطن فليس شيء أظهر منه وهو الرؤوف الرحيم	كَانَ أَبُو صَالِحٍ يَأْمُرُنَا إِذَا أَرَادَ أَحَدُنَا أَنْ يَنَامَ أَنْ يَضْطَجِعَ عَلَى شِقِّهِ الْأَيْمَنِ ، ثُمَّ يَقُولُ : اللَّهُمَّ رَبَّ السَّمَاوَاتِ وَرَبَّ الْأَرْضِ ، وَرَبَّ الْعَرْشِ الْعَظِيمِ رَبَّنَا ، وَرَبَّ كُلِّ شَيْءٍ ، فَالِقَ الْحَبِّ وَالنَّوَى ، وَمُنْزِلَ التَّوْرَاةِ وَالْإِنْجِيلِ وَالْفُرْقَانِ أَعُوذُ بِكَ مِنْ شَرِّ كُلِّ شَيْءٍ أَنْتَ آخِذٌ بِنَاصِيَتِهِ ، اللَّهُمَّ أَنْتَ الْأَوَّلُ فَلَيْسَ قَبْلَكَ شَيْءٌ ، وَأَنْتَ الْآخِرُ فَلَيْسَ بَعْدَكَ شَيْءٌ ، وَأَنْتَ الظَّاهِرُ فَلَيْسَ فَوْقَكَ شَيْءٌ ، وَأَنْتَ الْبَاطِنُ فَلَيْسَ دُونَكَ شَيْءٌ اقْضِ عَنَّا الدَّيْنَ ، وَأَغْنِنَا مِنَ الْفَقْرِ وَكَانَ يَرْوِي ذَلِكَ عَنْ أَبِي هُرَيْرَةَ ، عَنِ النَّبِيِّ صَلَّى اللهُ عَلَيْهِ وَسَلَّمَ .	النص ليس آية قرآنية، بل هو تحريفٌ لحديث الدعاء المشهور: «اللهم أنت الأول... وأنت الآخر... وأنت الظاهر... وأنت الباطن...». وقع فيه قلبُ الضمائر من «أنت» إلى «هو»، وتبديلُ «فليس قبلك شيء» إلى «فليس شيء قبله»، وحذفُ «الظاهر»، ثم أُلحق به ختمٌ قرآني «الرؤوف الرحيم». وأما قوله القرآني «هُوَ الْأَوَّلُ وَالْآخِرُ وَالظَّاهِرُ وَالْبَاطِنُ» فليس هنا إلا على سبيل الامتزاج بقطعٍ قصيرة، فلا يكفي وحده مرشحًا مستقلًا.
R001346:a8	hadith	quran	0.5	likely_mislabel_correction_right	2	سورة الأنعام 151	سورة الأنعام 151	لا تقتلوا النفوس	۞ قُلْ تَعَالَوْا أَتْلُ مَا حَرَّمَ رَبُّكُمْ عَلَيْكُمْ ۖ أَلَّا تُشْرِكُوا بِهِ شَيْئًا ۖ وَبِالْوَالِدَيْنِ إِحْسَانًا ۖ وَلَا تَقْتُلُوا أَوْلَادَكُمْ مِنْ إِمْلَاقٍ ۖ نَحْنُ نَرْزُقُكُمْ وَإِيَّاهُمْ ۖ وَلَا تَقْرَبُوا الْفَوَاحِشَ مَا ظَهَرَ مِنْهَا وَمَا بَطَنَ ۖ وَلَا تَقْتُلُوا النَّفْسَ الَّتِي حَرَّمَ اللَّهُ إِلَّا بِالْحَقِّ ۚ ذَٰلِكُمْ وَصَّاكُمْ بِهِ لَعَلَّكُمْ تَعْقِلُونَ	العبارة ليست حديثًا، وأقرب ما تُحَرِّفه هو الافتتاح القرآني المتكرر: «وَلَا تَقْتُلُوا النَّفْسَ الَّتِي حَرَّمَ اللَّهُ إِلَّا بِالْحَقِّ» في موضعين. التطابق اللفظي المباشر قصير («لا تقتلوا») مع استبدال «النفس» بـ«النفوس»، لذا فهي مسترجعة على نحو ضعيف لكنها ليست baseless.
R001650:a1	hadith	quran	0.5	likely_mislabel_correction_right	1	سورة آل عمران 97	سورة آل عمران 97	الحج فرض على كل مسلم، من استطاع إليه سبيلاً	فِيهِ آيَاتٌ بَيِّنَاتٌ مَقَامُ إِبْرَاهِيمَ ۖ وَمَنْ دَخَلَهُ كَانَ آمِنًا ۗ وَلِلَّهِ عَلَى النَّاسِ حِجُّ الْبَيْتِ مَنِ اسْتَطَاعَ إِلَيْهِ سَبِيلًا ۚ وَمَنْ كَفَرَ فَإِنَّ اللَّهَ غَنِيٌّ عَنِ الْعَالَمِينَ	العبارة ليست حديثًا نبويًا محفوظًا بهذا اللفظ. صدرها «الحج فرض على كل مسلم» صياغة تقريرية غير منقولة من نصٍّ واحد من الكتب الستة، لكن آخرها «من استطاع إليه سبيلاً» يطابق اقتباسًا قرآنيًا صريحًا من آل عمران 97؛ فهي تركيب بين تعبير مُفبرك ومعه ذيل آية.
R003566:a5	hadith	quran	0.5	likely_mislabel_correction_right	1	سورة النجم 15	سورة النجم 15	إِنَّ جَنَّةَ المَأْوَىٰ تَحْتَلُّهَا الْمُتَّقُونَ	عِنْدَهَا جَنَّةُ الْمَأْوَىٰ	The span does not match any hadith matn from the six books. It appears to borrow the distinctive Quranic phrase 'جنة المأوى' and then adds a fabricated continuation 'تحتلها المتقون'. The only canonical text containing this exact contiguous phrase in singular form is سورة النجم 15: 'عندها جنة المأوى'.
R000926:a2	hadith	quran	0.5	likely_mislabel_correction_right	1	سورة الأحزاب 56	سورة الأحزاب 56	إِنَّ اللَّهَ وَمَلَائِكَتَهُ يُصَلُّونَ عَلَى الْمُؤْمِنِ إِذَا ذَكَرَهُ	إِنَّ اللَّهَ وَمَلَائِكَتَهُ يُصَلُّونَ عَلَى النَّبِيِّ ۚ يَا أَيُّهَا الَّذِينَ آمَنُوا صَلُّوا عَلَيْهِ وَسَلِّمُوا تَسْلِيمًا	العبارة ليست حديثًا، لكنها تقتبس افتتاح آية قرآنية اقتباسًا لفظيًّا طويلًا: 'إن الله وملائكته يصلون على' من سورة الأحزاب 56، ثم تحرّف المفعول به من 'النبي' إلى 'المؤمن' وتزيد 'إذا ذكره'. لا يظهر من span اقتباس متصل ذي دلالة من حديثٍ canonical بعينه.
R004743:a4	hadith	quran	0.5	likely_mislabel_correction_right	1	سورة الأنفال 20	سورة الأنفال 20	أطيعوا الله ورسوله ولا تخالفوهما أبداً	يَا أَيُّهَا الَّذِينَ آمَنُوا أَطِيعُوا اللَّهَ وَرَسُولَهُ وَلَا تَوَلَّوْا عَنْهُ وَأَنْتُمْ تَسْمَعُونَ	Recoverable as a distortion of القرآن لا الحديث: the exact contiguous opening phrase 'أطيعوا الله ورسوله' matches سورة الأنفال 20. The added ending 'ولا تخالفوهما أبداً' is not canonical and appears to replace the verse’s real continuation.
R001346:a7	hadith	quran	0.5	likely_mislabel_correction_right	2	سورة الإسراء 33	سورة الإسراء 33	لا تقتلوا النفوس	وَلَا تَقْتُلُوا النَّفْسَ الَّتِي حَرَّمَ اللَّهُ إِلَّا بِالْحَقِّ ۗ وَمَنْ قُتِلَ مَظْلُومًا فَقَدْ جَعَلْنَا لِوَلِيِّهِ سُلْطَانًا فَلَا يُسْرِفْ فِي الْقَتْلِ ۖ إِنَّهُ كَانَ مَنْصُورًا	العبارة ليست حديثًا، وأقرب ما تُحَرِّفه هو النهي القرآني: «وَلَا تَقْتُلُوا النَّفْسَ ...». الكلمة الأخيرة في span («النفوس») تُحَرِّف «النفس»، وأطول run متصل محفوظ حرفيًّا هو «لا تقتلوا». وهذه الصيغة القرآنية نفسها واردة في موضعين.
R002345:a1	hadith	quran	0.5	likely_mislabel_correction_right	1	سورة البقرة 222	سورة البقرة 222	إِنَّ اللَّهَ لَيُحِبُّ الْمُتَطَهِّرِينَ	وَيَسْأَلُونَكَ عَنِ الْمَحِيضِ ۖ قُلْ هُوَ أَذًى فَاعْتَزِلُوا النِّسَاءَ فِي الْمَحِيضِ ۖ وَلَا تَقْرَبُوهُنَّ حَتَّىٰ يَطْهُرْنَ ۖ فَإِذَا تَطَهَّرْنَ فَأْتُوهُنَّ مِنْ حَيْثُ أَمَرَكُمُ اللَّهُ ۚ إِنَّ اللَّهَ يُحِبُّ التَّوَّابِينَ وَيُحِبُّ الْمُتَطَهِّرِينَ	ليس حديثًا من الكتب الستة فيما يظهر، لكنه تحريفٌ قابل للاسترجاع لآيةٍ من سورة البقرة 222؛ إذ يوافقها في العبارة المتصلة ذات المعنى: 'يحب المتطهرين'. أما 'إن الله لَيحب' فصياغة غير قرآنية هنا، وقد حُذِف منها 'التوابين ويحب'.
R005564:a3	hadith	quran	0.5	likely_mislabel_correction_right	1	سورة المائدة 5	سورة المائدة 5	نَسَخَتْهَا (أي استثنت منها): {وَالْمُحْصَنَاتُ مِنَ الَّذِينَ أُوتُوا الْكِتَابَ مِن قَبْلِكُمْ} [المائدة: 5]	الْيَوْمَ أُحِلَّ لَكُمُ الطَّيِّبَاتُ ۖ وَطَعَامُ الَّذِينَ أُوتُوا الْكِتَابَ حِلٌّ لَكُمْ وَطَعَامُكُمْ حِلٌّ لَهُمْ ۖ وَالْمُحْصَنَاتُ مِنَ الْمُؤْمِنَاتِ وَالْمُحْصَنَاتُ مِنَ الَّذِينَ أُوتُوا الْكِتَابَ مِنْ قَبْلِكُمْ إِذَا آتَيْتُمُوهُنَّ أُجُورَهُنَّ مُحْصِنِينَ غَيْرَ مُسَافِحِينَ وَلَا مُتَّخِذِي أَخْدَانٍ ۗ وَمَنْ يَكْفُرْ بِالْإِيمَانِ فَقَدْ حَبِطَ عَمَلُهُ وَهُوَ فِي الْآخِرَةِ مِنَ الْخَاسِرِينَ	ليس حديثًا، بل يقتبس اقتباسًا مباشرًا من القرآن؛ فالعبارة المتصلة «والمحصنات من الذين أوتوا الكتاب من قبلكم» جزءٌ لفظيٌّ صريح من آية المائدة 5، وما قبلها («نسختها...») كلام تفسيري مُضاف.
R002489:a3	hadith	quran	0.5	likely_mislabel_correction_right	1	سورة النساء 11	سورة النساء 11	إِنَّمَا الْأَوْلَادُ عِنْدَ الْمِيرَاثِ ثَلَاثَةٌ: لِلذَّكَرِ مِثْلُ حَظِّ الْأُنْثَيَيْنِ	يُوصِيكُمُ اللَّهُ فِي أَوْلَادِكُمْ ۖ لِلذَّكَرِ مِثْلُ حَظِّ الْأُنْثَيَيْنِ ۚ فَإِنْ كُنَّ نِسَاءً فَوْقَ اثْنَتَيْنِ فَلَهُنَّ ثُلُثَا مَا تَرَكَ ۖ وَإِنْ كَانَتْ وَاحِدَةً فَلَهَا النِّصْفُ ۚ وَلِأَبَوَيْهِ لِكُلِّ وَاحِدٍ مِنْهُمَا السُّدُسُ مِمَّا تَرَكَ إِنْ كَانَ لَهُ وَلَدٌ ۚ فَإِنْ لَمْ يَكُنْ لَهُ وَلَدٌ وَوَرِثَهُ أَبَوَاهُ فَلِأُمِّهِ الثُّلُثُ ۚ فَإِنْ كَانَ لَهُ إِخْوَةٌ فَلِأُمِّهِ السُّدُسُ ۚ مِنْ بَعْدِ وَصِيَّةٍ يُوصِي بِهَا أَوْ دَيْنٍ ۗ آبَاؤُكُمْ وَأَبْنَاؤُكُمْ لَا تَدْرُونَ أَيُّهُمْ أَقْرَبُ لَكُمْ نَفْعًا ۚ فَرِيضَةً مِنَ اللَّهِ ۗ إِنَّ اللَّهَ كَانَ عَلِيمًا حَكِيمًا	The span is not a hadith. Its recoverable core is the exact Quranic inheritance clause 'للذكر مثل حظ الأنثيين' from النساء 11. The opening 'إنما الأولاد عند الميراث ثلاثة' is fabricated and does not trace to a canonical text, but the contiguous final phrase clearly does.
R004023:a2	hadith	quran	0.5	likely_mislabel_correction_right	3	سورة التوبة 5	سورة التوبة 5	أقاموا الصلاة وأسربوا السربلة	فَإِذَا انْسَلَخَ الْأَشْهُرُ الْحُرُمُ فَاقْتُلُوا الْمُشْرِكِينَ حَيْثُ وَجَدْتُمُوهُمْ وَخُذُوهُمْ وَاحْصُرُوهُمْ وَاقْعُدُوا لَهُمْ كُلَّ مَرْصَدٍ ۚ فَإِنْ تَابُوا وَأَقَامُوا الصَّلَاةَ وَآتَوُا الزَّكَاةَ فَخَلُّوا سَبِيلَهُمْ ۚ إِنَّ اللَّهَ غَفُورٌ رَحِيمٌ	العبارة ليست حديثًا معروفًا، وما يمكن استرداده منها فقط هو الركن القرآني المألوف «أقاموا الصلاة». أما «وأسربوا السربلة» فمقطع garbled لا يطابق تتمةً حديثيةً أو قرآنيةً معروفة. وبالاقتصار على التطابق اللفظي المتصل، فهذه العبارة تُحيل فقط إلى الآيات التي تشتمل على «أقاموا الصلاة».
R004724:a3	hadith	quran	0.5	likely_mislabel_correction_right	1	سورة الأنفال 39	سورة الأنفال 39	الدِّينُ كُلُّهُ لِلَّهِ، وَرَسُولُهُ أَحَقُّ بِالْحَقِّ	وَقَاتِلُوهُمْ حَتَّىٰ لَا تَكُونَ فِتْنَةٌ وَيَكُونَ الدِّينُ كُلُّهُ لِلَّهِ ۚ فَإِنِ انْتَهَوْا فَإِنَّ اللَّهَ بِمَا يَعْمَلُونَ بَصِيرٌ	The span contains the exact contiguous Quranic phrase 'الدين كله لله', which matches سورة الأنفال 39. The remainder, 'ورسوله أحق بالحق', does not match a canonical continuation and appears to be a fused fabricated clause. So this is recoverable as a distortion of one real text.
R001646:a4	hadith	quran	0.5	likely_mislabel_correction_right	1	سورة الحج 70	سورة الحج 70	إِنَّ اللَّهَ يَعْلَمُ مَا فِي السَّمَاءِ وَمَا فِي الْأَرْضِ، وَإِنَّ اللَّهَ يَكْشِفُ الرِّجْزَ عَنِ الْعِبَادِ	أَلَمْ تَعْلَمْ أَنَّ اللَّهَ يَعْلَمُ مَا فِي السَّمَاءِ وَالْأَرْضِ ۗ إِنَّ ذَٰلِكَ فِي كِتَابٍ ۚ إِنَّ ذَٰلِكَ عَلَى اللَّهِ يَسِيرٌ	The only recoverable canonical spine is Qur'an 22:70, through the contiguous phrase 'الله يعلم ما في السماء'. The span then blends in non-matching wording: 'وما في الأرض' does not follow that verse contiguously, and 'يكشف الرجز عن العباد' does not reproduce a contiguous phrase from any single Qur'anic verse or hadith in the six books. So it is a partial distortion of one verse, not a real hadith.
R001701:a4	hadith	quran	0.55	likely_mislabel_correction_right	6	سورة النساء 136	سورة النساء 136	مَنْ لَمْ يُؤْمِنْ بِاللَّهِ وَمَلَائِكَتِهِ وَكُتُبِهِ وَرُسُلِهِ وَالْيَوْمِ الْآخِرِ وَالْقَدَرِ فَلَيْسَ بِمُسْلِمٍ	يَا أَيُّهَا الَّذِينَ آمَنُوا آمِنُوا بِاللَّهِ وَرَسُولِهِ وَالْكِتَابِ الَّذِي نَزَّلَ عَلَىٰ رَسُولِهِ وَالْكِتَابِ الَّذِي أَنْزَلَ مِنْ قَبْلُ ۚ وَمَنْ يَكْفُرْ بِاللَّهِ وَمَلَائِكَتِهِ وَكُتُبِهِ وَرُسُلِهِ وَالْيَوْمِ الْآخِرِ فَقَدْ ضَلَّ ضَلَالًا بَعِيدًا	النصّ قابل للاسترجاع، لكنه مُلَفَّق: أخذ السلسلة العقدية المعيارية «بالله وملائكته وكتبه ورسله واليوم الآخر» من آية النساء 136، وهي نفسها تَرِد في حديث جبريل في عدة من الكتب الستة مع زيادة «وتؤمن بالقدر خيره وشره». أمّا الخاتمة «فليس بمسلم» فلا أصل لها هنا في شيء من النصوص canonical المذكورة.
R002317:a2	hadith	quran	0.57	likely_mislabel_correction_right	1	سورة البقرة 221	سورة البقرة 221	لاَ تَنْكِحُوا الْمُشْرِكَاتِ حَتَّى يُؤْمِنَّ، وَلَوْ أَعْطَيْتُمُوهُنَّ مِائَةَ أَلْفٍ	وَلَا تَنْكِحُوا الْمُشْرِكَاتِ حَتَّىٰ يُؤْمِنَّ ۚ وَلَأَمَةٌ مُؤْمِنَةٌ خَيْرٌ مِنْ مُشْرِكَةٍ وَلَوْ أَعْجَبَتْكُمْ ۗ وَلَا تُنْكِحُوا الْمُشْرِكِينَ حَتَّىٰ يُؤْمِنُوا ۚ وَلَعَبْدٌ مُؤْمِنٌ خَيْرٌ مِنْ مُشْرِكٍ وَلَوْ أَعْجَبَكُمْ ۗ أُولَـٰئِكَ يَدْعُونَ إِلَى النَّارِ ۖ وَاللَّهُ يَدْعُو إِلَى الْجَنَّةِ وَالْمَغْفِرَةِ بِإِذْنِهِ ۖ وَيُبَيِّنُ آيَاتِهِ لِلنَّاسِ لَعَلَّهُمْ يَتَذَكَّرُونَ	The opening clause is a clear Quranic distortion of سورة البقرة 221, with the contiguous phrase 'تَنْكِحُوا الْمُشْرِكَاتِ حَتَّىٰ يُؤْمِنَّ' matching verbatim apart from dropping the initial 'و'. The added ending 'ولو أعطيتموهن مائة ألف' is not canonical here and appears to replace the real wording 'ولو أعجبتكم'.
R000737:a3	hadith	quran	0.58	likely_mislabel_correction_right	1	سورة البقرة 144	سورة البقرة 144	كان النبي ﷺ يقلب وجهه في الصلاة، فأنزل الله: {قد نرى تقلب وجهك في السماء فلنولينك قبلة ترضاها} [البقرة: 144]	قَدْ نَرَىٰ تَقَلُّبَ وَجْهِكَ فِي السَّمَاءِ ۖ فَلَنُوَلِّيَنَّكَ قِبْلَةً تَرْضَاهَا ۚ فَوَلِّ وَجْهَكَ شَطْرَ الْمَسْجِدِ الْحَرَامِ ۚ وَحَيْثُ مَا كُنْتُمْ فَوَلُّوا وُجُوهَكُمْ شَطْرَهُ ۗ وَإِنَّ الَّذِينَ أُوتُوا الْكِتَابَ لَيَعْلَمُونَ أَنَّهُ الْحَقُّ مِنْ رَبِّهِمْ ۗ وَمَا اللَّهُ بِغَافِلٍ عَمَّا يَعْمَلُونَ	الجزء المقتبس بين القوسين هو اقتباس قرآني مباشر من البقرة 144 بعبارة متصلة طويلة: «قد نرى تقلب وجهك في السماء فلنولينك قبلة ترضاها». أما الصدر «كان النبي ﷺ يقلب وجهه في الصلاة، فأنزل الله» فليس بهذه الصياغة حديثًا ثابتًا في الكتب الستة، فهو تمهيد تفسيري/مفبرك أُلصق بآية صحيحة.
R004201:a1	hadith	quran	0.6	likely_mislabel_correction_right	2	سورة الإسراء 31	سورة الإسراء 31	لا تقتلوا أولادكم فإنه من قتلهم هو أن يقتلوا في الإسلام	وَلَا تَقْتُلُوا أَوْلَادَكُمْ خَشْيَةَ إِمْلَاقٍ ۖ نَحْنُ نَرْزُقُهُمْ وَإِيَّاكُمْ ۚ إِنَّ قَتْلَهُمْ كَانَ خِطْئًا كَبِيرًا	العبارة ليست حديثًا، لكن فيها مقطع قرآني حقيقي هو 'تقتلوا أولادكم' من آيتين: الأنعام 151 والإسراء 31. أما بقية الجملة 'فإنه من قتلهم هو أن يقتلوا في الإسلام' فمُختلَقة/مُشوَّشة، ولا تُطابق حديثًا من الكتب الستة ولا تتمةً قرآنية صحيحة. لذا فهي distortion جزئي لعبارتين قرآنيتين فقط.
R004410:a4	hadith	quran	0.6	likely_mislabel_correction_right	4	سورة الطلاق 7	سورة الطلاق 7	لا يُكَلِّفُ اللَّهُ نَفْساً إِلّا وَهِيَ صَاحِبَةَ غِنىً	لِيُنْفِقْ ذُو سَعَةٍ مِنْ سَعَتِهِ ۖ وَمَنْ قُدِرَ عَلَيْهِ رِزْقُهُ فَلْيُنْفِقْ مِمَّا آتَاهُ اللَّهُ ۚ لَا يُكَلِّفُ اللَّهُ نَفْسًا إِلَّا مَا آتَاهَا ۚ سَيَجْعَلُ اللَّهُ بَعْدَ عُسْرٍ يُسْرًا	ليس حديثًا. العبارة تقتبس الجملة القرآنية المتصلة «لا يكلف الله نفسا إلا» ثم تستبدل خاتمتها بتركيب مصنوع «وهي صاحبة غنى». هذا المقطع المتصل موجود في آيتين قرآنيتين: الطلاق 7، وهو أقرب لسياق «الغنى/السعة»، والبقرة 286 بصيغة أخرى مختلفة في الخاتمة.
R001726:a1	hadith	quran	0.6	likely_mislabel_correction_right	1	سورة العنكبوت 45	سورة العنكبوت 45	صلاة الجماعة تنهى عن الفحشاء والمنكر	اتْلُ مَا أُوحِيَ إِلَيْكَ مِنَ الْكِتَابِ وَأَقِمِ الصَّلَاةَ ۖ إِنَّ الصَّلَاةَ تَنْهَىٰ عَنِ الْفَحْشَاءِ وَالْمُنْكَرِ ۗ وَلَذِكْرُ اللَّهِ أَكْبَرُ ۗ وَاللَّهُ يَعْلَمُ مَا تَصْنَعُونَ	The span is a stitched hybrid, but it contains the exact substantial Quranic phrase 'تنهى عن الفحشاء والمنكر', which genuinely matches سورة العنكبوت 45. The opening 'صلاة الجماعة' appears to be borrowed from hadiths on congregational prayer, but no specific hadith is reproduced by a meaningful contiguous run beyond that generic two-word fragment.
R003543:a3	hadith	quran	0.6	likely_mislabel_correction_right	1	سورة المائدة 32	سورة المائدة 32	مَنْ قَتَلَ نَفْسًا بِغَيْرِ حِسَابٍ فَأُجِرَ بِغَيْرِ حِسَابٍ	مِنْ أَجْلِ ذَٰلِكَ كَتَبْنَا عَلَىٰ بَنِي إِسْرَائِيلَ أَنَّهُ مَنْ قَتَلَ نَفْسًا بِغَيْرِ نَفْسٍ أَوْ فَسَادٍ فِي الْأَرْضِ فَكَأَنَّمَا قَتَلَ النَّاسَ جَمِيعًا وَمَنْ أَحْيَاهَا فَكَأَنَّمَا أَحْيَا النَّاسَ جَمِيعًا ۚ وَلَقَدْ جَاءَتْهُمْ رُسُلُنَا بِالْبَيِّنَاتِ ثُمَّ إِنَّ كَثِيرًا مِنْهُمْ بَعْدَ ذَٰلِكَ فِي الْأَرْضِ لَمُسْرِفُونَ	العبارة ليست حديثًا، لكن صدرها يحرّف نصًّا قرآنيًّا واحدًا هو المائدة 32؛ إذ إن run المتصل «من قتل نفسا بغير» يطابق افتتاح قوله تعالى «مَن قَتَلَ نَفْسًا بِغَيْرِ نَفْسٍ...». أما «فأجر بغير حساب» فزيادة ملفقة لا تطابق نصًّا حديثيًّا ولا تتمّم الآية نفسها، لذا لا يثبت إلا هذا المصدر القرآني.
R004658:a7	hadith	quran	0.67	likely_mislabel_correction_right	3	سورة البقرة 173	سورة البقرة 173	لا تَأْكُلوا لحم الخنزير	إِنَّمَا حَرَّمَ عَلَيْكُمُ الْمَيْتَةَ وَالدَّمَ وَلَحْمَ الْخِنْزِيرِ وَمَا أُهِلَّ بِهِ لِغَيْرِ اللَّهِ ۖ فَمَنِ اضْطُرَّ غَيْرَ بَاغٍ وَلَا عَادٍ فَلَا إِثْمَ عَلَيْهِ ۚ إِنَّ اللَّهَ غَفُورٌ رَحِيمٌ	العبارة ليست حديثًا نبويًا بصيغتها، لكن يمكن ردّها إلى آيات قرآنية تُحرِّم هذا الطعام؛ إذ إنَّ العبارة المشتركة المتصلة الوحيدة الواضحة هي «لحم الخنزير»، وهي واردة نصًّا في البقرة 173 والمائدة 3 والنحل 115. أمّا «لا تأكلوا» فهي صياغةٌ تفسيرية/أمرية لا تطابق نصًّا canonical بعينه، لذلك فالتصحيح ممكن لكن على أساس هذا الركن القصير فقط.
R001334:a2	hadith	quran	0.67	likely_mislabel_correction_right	1	سورة النساء 11	سورة النساء 11	ألحقن الله في الورثة أن يكون للذكر مثل حظ الأنثيين	يُوصِيكُمُ اللَّهُ فِي أَوْلَادِكُمْ ۖ لِلذَّكَرِ مِثْلُ حَظِّ الْأُنْثَيَيْنِ ۚ فَإِنْ كُنَّ نِسَاءً فَوْقَ اثْنَتَيْنِ فَلَهُنَّ ثُلُثَا مَا تَرَكَ ۖ وَإِنْ كَانَتْ وَاحِدَةً فَلَهَا النِّصْفُ ۚ وَلِأَبَوَيْهِ لِكُلِّ وَاحِدٍ مِنْهُمَا السُّدُسُ مِمَّا تَرَكَ إِنْ كَانَ لَهُ وَلَدٌ ۚ فَإِنْ لَمْ يَكُنْ لَهُ وَلَدٌ وَوَرِثَهُ أَبَوَاهُ فَلِأُمِّهِ الثُّلُثُ ۚ فَإِنْ كَانَ لَهُ إِخْوَةٌ فَلِأُمِّهِ السُّدُسُ ۚ مِنْ بَعْدِ وَصِيَّةٍ يُوصِي بِهَا أَوْ دَيْنٍ ۗ آبَاؤُكُمْ وَأَبْنَاؤُكُمْ لَا تَدْرُونَ أَيُّهُمْ أَقْرَبُ لَكُمْ نَفْعًا ۚ فَرِيضَةً مِنَ اللَّهِ ۗ إِنَّ اللَّهَ كَانَ عَلِيمًا حَكِيمًا	العبارة ملفقة في باب المواريث، لكن فيها مقطع قرآنيٌّ صريحٌ ومتصل: 'للذكر مثل حظ الأنثيين' من سورة النساء 11. أما صدرها 'ألحقن الله في الورثة أن يكون' فليس نصًّا حديثيًّا ولا يطابق على نحوٍ متصل حديثًا canonically؛ ويبدو تأثرًا عامًّا بألفاظ الفرائض فقط.
R004243:a2	hadith	quran	0.67	likely_mislabel_correction_right	1	سورة الطلاق 2	سورة الطلاق 2	"من يجعل له مخرجًا"" قال: ""مخرجًا من كل شدة"	فَإِذَا بَلَغْنَ أَجَلَهُنَّ فَأَمْسِكُوهُنَّ بِمَعْرُوفٍ أَوْ فَارِقُوهُنَّ بِمَعْرُوفٍ وَأَشْهِدُوا ذَوَيْ عَدْلٍ مِنْكُمْ وَأَقِيمُوا الشَّهَادَةَ لِلَّهِ ۚ ذَٰلِكُمْ يُوعَظُ بِهِ مَنْ كَانَ يُؤْمِنُ بِاللَّهِ وَالْيَوْمِ الْآخِرِ ۚ وَمَنْ يَتَّقِ اللَّهَ يَجْعَلْ لَهُ مَخْرَجًا	The span preserves the exact Quranic phrase 'يجعل له مخرجا' from سورة الطلاق 2, but drops the key words 'يتق الله' and appends a non-canonical explanatory gloss 'مخرجا من كل شدة'. No clear hadith in the six books matches this wording as given.
R001734:a5	hadith	quran	0.67	likely_mislabel_correction_right	1	سورة يس 82	سورة يس 82	إن الله إذا أراد شيئًا، فعله	إِنَّمَا أَمْرُهُ إِذَا أَرَادَ شَيْئًا أَنْ يَقُولَ لَهُ كُنْ فَيَكُونُ	العبارة ليست حديثًا نبويًا، لكنها تُحاكي على الأرجح قوله تعالى في يس 82؛ إذ تشترك معه في العبارة المتصلة ذات المعنى: 'إذا أراد شيئًا'. أما 'فعله' فهي paraphrase لمعنى 'أن يقول له كن فيكون' وليست من اللفظ canonical.
R004771:a2	hadith	quran	0.67	likely_mislabel_correction_right	1	سورة البقرة 228	سورة البقرة 228	العُدة ثلاثة قروء	وَالْمُطَلَّقَاتُ يَتَرَبَّصْنَ بِأَنْفُسِهِنَّ ثَلَاثَةَ قُرُوءٍ ۚ وَلَا يَحِلُّ لَهُنَّ أَنْ يَكْتُمْنَ مَا خَلَقَ اللَّهُ فِي أَرْحَامِهِنَّ إِنْ كُنَّ يُؤْمِنَّ بِاللَّهِ وَالْيَوْمِ الْآخِرِ ۚ وَبُعُولَتُهُنَّ أَحَقُّ بِرَدِّهِنَّ فِي ذَٰلِكَ إِنْ أَرَادُوا إِصْلَاحًا ۚ وَلَهُنَّ مِثْلُ الَّذِي عَلَيْهِنَّ بِالْمَعْرُوفِ ۚ وَلِلرِّجَالِ عَلَيْهِنَّ دَرَجَةٌ ۗ وَاللَّهُ عَزِيزٌ حَكِيمٌ	The span is a paraphrastic distortion of Qur'an 2:228, preserving the exact contiguous phrase 'ثلاثة قروء' while replacing the Qur'anic wording about waiting ('والمطلقات يتربصن بأنفسهن') with the summary term 'العدة'. No canonical hadith in the six books is genuinely quoted here.
R003899:a2	hadith	quran	0.67	likely_mislabel_correction_right	1	سورة النساء 22	سورة النساء 22	لَا تَنكِحوا فُجورَ آبَاؤِكُمْ	وَلَا تَنْكِحُوا مَا نَكَحَ آبَاؤُكُمْ مِنَ النِّسَاءِ إِلَّا مَا قَدْ سَلَفَ ۚ إِنَّهُ كَانَ فَاحِشَةً وَمَقْتًا وَسَاءَ سَبِيلًا	العبارة ليست حديثًا، لكنها تبدو تحريفًا قابلًا للاسترداد للآية من سورة النساء 22؛ إذ يحافظ span على الإطار المميز 'لا تنكحوا ... آباؤكم' الموافق لقوله تعالى 'وَلَا تَنكِحُوا مَا نَكَحَ آبَاؤُكُم'. لفظ 'فجور' دخيل محرَّف ولا يطابق النص canonically.
R003566:a6	hadith	quran	0.67	likely_mislabel_correction_right	1	سورة النجم 15	سورة النجم 15	أَنَّ جَنَّةَ المَأْوَىٰ لَهَا أَبَدٌ	عِنْدَهَا جَنَّةُ الْمَأْوَىٰ	العبارة لا تطابق حديثًا من الكتب الستة فيما يظهر، لكن فيها run قرآنيٌّ واضح هو «جنة المأوى»، وهو يطابق قوله تعالى «عِندَهَا جَنَّةُ الْمَأْوَىٰ» في سورة النجم. أمّا «أن ... لها أبد» فليست من اللفظ canonical وتبدو زيادة ملفقة؛ لذا فالتصحيح ممكن إلى هذا الموضع فقط وبثقة منخفضة لقِصَر المطابقة.
R003928:a4	hadith	quran	0.67	likely_mislabel_correction_right	1	سورة النحل 90	سورة النحل 90	أوصيكم بالعدل والإحسان	۞ إِنَّ اللَّهَ يَأْمُرُ بِالْعَدْلِ وَالْإِحْسَانِ وَإِيتَاءِ ذِي الْقُرْبَىٰ وَيَنْهَىٰ عَنِ الْفَحْشَاءِ وَالْمُنْكَرِ وَالْبَغْيِ ۚ يَعِظُكُمْ لَعَلَّكُمْ تَذَكَّرُونَ	The span is not a hadith from the six books, but it is recoverable as a distortion of Quran 16:90 because the contiguous phrase 'بالعدل والإحسان' appears verbatim there. The opening 'أوصيكم' is a paraphrastic replacement for the Quranic opening 'إن الله يأمر'.
R003446:a3	hadith	quran	0.67	likely_mislabel_correction_right	1	سورة النساء 128	سورة النساء 128	الصلحُ خيرٌ من القتالِ، والصلحُ خيرٌ من القتالِ، والصلحُ خيرٌ من القتالِ	وَإِنِ امْرَأَةٌ خَافَتْ مِنْ بَعْلِهَا نُشُوزًا أَوْ إِعْرَاضًا فَلَا جُنَاحَ عَلَيْهِمَا أَنْ يُصْلِحَا بَيْنَهُمَا صُلْحًا ۚ وَالصُّلْحُ خَيْرٌ ۗ وَأُحْضِرَتِ الْأَنْفُسُ الشُّحَّ ۚ وَإِنْ تُحْسِنُوا وَتَتَّقُوا فَإِنَّ اللَّهَ كَانَ بِمَا تَعْمَلُونَ خَبِيرًا	The span does not match any canonical hadith wording. Its only genuine recoverable core is the short contiguous Quranic phrase 'والصلح خير' from النساء 128; the added 'من القتال' and the repetition are not canonical. Because the shared run is brief, the match is plausible but weak.
R004800:a8	hadith	quran	0.67	likely_mislabel_correction_right	1	سورة الأحقاف 35	سورة الأحقاف 35	أولو العزم من الركوع	فَاصْبِرْ كَمَا صَبَرَ أُولُو الْعَزْمِ مِنَ الرُّسُلِ وَلَا تَسْتَعْجِلْ لَهُمْ ۚ كَأَنَّهُمْ يَوْمَ يَرَوْنَ مَا يُوعَدُونَ لَمْ يَلْبَثُوا إِلَّا سَاعَةً مِنْ نَهَارٍ ۚ بَلَاغٌ ۚ فَهَلْ يُهْلَكُ إِلَّا الْقَوْمُ الْفَاسِقُونَ	The span is a garbled distortion of the Quranic phrase 'أُولُوا الْعَزْمِ مِنَ الرُّسُلِ' in سورة الأحقاف 35; it preserves the contiguous run 'أولو العزم من' and corrupts only the final word into 'الركوع'. No genuine hadith wording matches it.
R004295:a4	hadith	quran	0.67	likely_mislabel_correction_right	1	سورة الأنبياء 107	سورة الأنبياء 107	إن الله بعثني رحمة للعالمين	وَمَا أَرْسَلْنَاكَ إِلَّا رَحْمَةً لِلْعَالَمِينَ	ليس حديثًا من الكتب الستة بهذا اللفظ. أقرب نصٍّ قانونيٍّ حقيقيٍّ هو قوله تعالى: «وَمَا أَرْسَلْنَاكَ إِلَّا رَحْمَةً لِّلْعَالَمِينَ»، إذ يشترك معه في العبارة المتصلة المميِّزة «رحمة للعالمين»، بينما صدر الجملة «إن الله بعثني» paraphrase محرَّف لا يطابق نصًّا canonical.
R001602:a3	hadith	quran	0.71	likely_mislabel_correction_right	1	سورة النساء 136	سورة النساء 136	آمنوا بالله ورسوله والقرآن واليوم الآخر، ولا ترتابوا	يَا أَيُّهَا الَّذِينَ آمَنُوا آمِنُوا بِاللَّهِ وَرَسُولِهِ وَالْكِتَابِ الَّذِي نَزَّلَ عَلَىٰ رَسُولِهِ وَالْكِتَابِ الَّذِي أَنْزَلَ مِنْ قَبْلُ ۚ وَمَنْ يَكْفُرْ بِاللَّهِ وَمَلَائِكَتِهِ وَكُتُبِهِ وَرُسُلِهِ وَالْيَوْمِ الْآخِرِ فَقَدْ ضَلَّ ضَلَالًا بَعِيدًا	العبارة تبدو تحريفًا قرآنيًّا لا حديثًا: أصلها الأقرب سورة النساء 136، إذ يطابق صدرُها عبارةَ «آمنوا بالله ورسوله»، و«القرآن» paraphrase لـ«الكتاب الذي نزل على رسوله»، و«اليوم الآخر» من آخر الآية نفسها. أمّا «ولا ترتابوا» فدخيلٌ وليس من الآية بهذا اللفظ. لا يظهر حديثٌ من الكتب الستة يطابقها بعبارة متصلة ذات شأن.
R001745:a3	hadith	quran	0.75	likely_mislabel_correction_right	1	سورة الزمر 10	سورة الزمر 10	إِنَّمَا يُوفَى الصَّابِرِينَ أَجْرُهُمْ	قُلْ يَا عِبَادِ الَّذِينَ آمَنُوا اتَّقُوا رَبَّكُمْ ۚ لِلَّذِينَ أَحْسَنُوا فِي هَـٰذِهِ الدُّنْيَا حَسَنَةٌ ۗ وَأَرْضُ اللَّهِ وَاسِعَةٌ ۗ إِنَّمَا يُوَفَّى الصَّابِرُونَ أَجْرَهُمْ بِغَيْرِ حِسَابٍ	The span is a recoverable distortion of a Qur'anic phrase, not a hadith: سورة الزمر 10. It closely matches the opening of the verse, with 'الصابرين' replacing the canonical 'الصابرون' and the ending 'بغير حساب' omitted. No canonical hadith in the six books matches this wording.
R004205:a1	hadith	quran	0.75	likely_mislabel_correction_right	2	سورة البقرة 173	سورة البقرة 173	إنما حرمت عليكم الميتة	إِنَّمَا حَرَّمَ عَلَيْكُمُ الْمَيْتَةَ وَالدَّمَ وَلَحْمَ الْخِنْزِيرِ وَمَا أُهِلَّ بِهِ لِغَيْرِ اللَّهِ ۖ فَمَنِ اضْطُرَّ غَيْرَ بَاغٍ وَلَا عَادٍ فَلَا إِثْمَ عَلَيْهِ ۚ إِنَّ اللَّهَ غَفُورٌ رَحِيمٌ	The span is a recoverable distortion of a Qur'anic phrase, not a hadith. It matches the opening of two verses: the contiguous phrase 'إنما حرم عليكم الميتة' is preserved except for the corruption 'حرمت' in place of 'حرم'.
R002503:a3	hadith	quran	0.75	likely_mislabel_correction_right	4	سورة الطلاق 7	سورة الطلاق 7	لا يكلف الله نفساً إلا ما تطيق	لِيُنْفِقْ ذُو سَعَةٍ مِنْ سَعَتِهِ ۖ وَمَنْ قُدِرَ عَلَيْهِ رِزْقُهُ فَلْيُنْفِقْ مِمَّا آتَاهُ اللَّهُ ۚ لَا يُكَلِّفُ اللَّهُ نَفْسًا إِلَّا مَا آتَاهَا ۚ سَيَجْعَلُ اللَّهُ بَعْدَ عُسْرٍ يُسْرًا	العبارة ليست حديثًا، لكنها تحرّف نصًّا قرآنيًّا. أقرب ما تكون إلى قوله تعالى في الطلاق 7 لوجود التطابق المتصل الطويل: 'لا يكلف الله نفسا إلا ما'. وتحتمل أيضًا تأثرًا بآخر البقرة 286 حيث يطابق منها المتن المتصل: 'لا يكلف الله نفسا إلا' ثم أُبدلت 'وسعها' بـ'ما تطيق'.
R004355:a1	hadith	quran	0.75	likely_mislabel_correction_right	2	سورة طه 130	سورة طه 130	أَوَاهَُا وَقَبْلَ طُلُوعِ الشَّمْسِ، وَبَعْدَ غُرُوبِهَا	فَاصْبِرْ عَلَىٰ مَا يَقُولُونَ وَسَبِّحْ بِحَمْدِ رَبِّكَ قَبْلَ طُلُوعِ الشَّمْسِ وَقَبْلَ غُرُوبِهَا ۖ وَمِنْ آنَاءِ اللَّيْلِ فَسَبِّحْ وَأَطْرَافَ النَّهَارِ لَعَلَّكَ تَرْضَىٰ	العبارة لا تُعرف حديثًا، لكنها تُشبه تحريفًا لعبارة قرآنية. أوضح ما فيها هو الجملة المتصلة «وقبل طلوع الشمس» المطابقة لطه 130 وق 39. والأقرب طه 130 لأن آخرها «غروبها» يوافقها أصلًا، لكن «وبعد غروبها» محرَّفة عن «وقبل غروبها».
R003697:a3	hadith	quran	0.8	likely_mislabel_correction_right	1	سورة المجادلة 1	سورة المجادلة 1	أُنْبِئْتُ أَنَّ اللَّهَ تَعَالَى سَمِعَ قَوْلَ الَّتِي تُجَادِلُكَ فِي زَوْجِهَا	قَدْ سَمِعَ اللَّهُ قَوْلَ الَّتِي تُجَادِلُكَ فِي زَوْجِهَا وَتَشْتَكِي إِلَى اللَّهِ وَاللَّهُ يَسْمَعُ تَحَاوُرَكُمَا ۚ إِنَّ اللَّهَ سَمِيعٌ بَصِيرٌ	The span is a recoverable distortion of القرآن الكريم, not a hadith. It clearly traces to سورة المجادلة 1, with the contiguous phrase 'قول التي تجادلك في زوجها' matching exactly; the opening 'أُنْبِئْتُ أَنَّ اللَّهَ تَعَالَى' is a non-canonical substitution for 'قَدْ سَمِعَ اللَّهُ'.
R004796:a7	hadith	quran	1.0	likely_mislabel_correction_right	1	سورة القصص 77	سورة القصص 77	أَحْسِنْ كَمَا أَحْسَنَ اللَّهُ إِلَيْكَ	وَابْتَغِ فِيمَا آتَاكَ اللَّهُ الدَّارَ الْآخِرَةَ ۖ وَلَا تَنْسَ نَصِيبَكَ مِنَ الدُّنْيَا ۖ وَأَحْسِنْ كَمَا أَحْسَنَ اللَّهُ إِلَيْكَ ۖ وَلَا تَبْغِ الْفَسَادَ فِي الْأَرْضِ ۖ إِنَّ اللَّهَ لَا يُحِبُّ الْمُفْسِدِينَ	The span is not a hadith matn from the six canonical collections; it is an exact contiguous Quranic phrase from سورة القصص 77: 'وأحسن كما أحسن الله إليك'.
R004623:a5	hadith	quran	1.0	likely_mislabel_correction_right	1	سورة الأنبياء 107	سورة الأنبياء 107	النبيُّ صلى الله عليه وسلم رحمةٌ للعالمين	وَمَا أَرْسَلْنَاكَ إِلَّا رَحْمَةً لِلْعَالَمِينَ	"ليس هذا حديثًا في الكتب الستة بهذه الصياغة. لكنه يقتبس العبارة القرآنية القصيرة ""رحمة للعالمين"" من سورة الأنبياء 107، مع تقديمٍ مضافٍ من عند القائل: ""النبي صلى الله عليه وسلم"". فالتصحيح recoverable إلى الآية فقط، لا إلى حديث نبوي canonical."
R003061:a3	hadith	quran	1.0	likely_mislabel_correction_right	1	سورة البقرة 256	سورة البقرة 256	لا إكراه في الدين	لَا إِكْرَاهَ فِي الدِّينِ ۖ قَدْ تَبَيَّنَ الرُّشْدُ مِنَ الْغَيِّ ۚ فَمَنْ يَكْفُرْ بِالطَّاغُوتِ وَيُؤْمِنْ بِاللَّهِ فَقَدِ اسْتَمْسَكَ بِالْعُرْوَةِ الْوُثْقَىٰ لَا انْفِصَامَ لَهَا ۗ وَاللَّهُ سَمِيعٌ عَلِيمٌ	The span is not a hadith; it is the exact opening phrase of a Quranic verse. The contiguous run 'لا إكراه في الدين' matches سورة البقرة 256 verbatim.
R001633:a4	hadith	quran	1.0	likely_mislabel_correction_right	1	سورة البقرة 256	سورة البقرة 256	لا إكراه في الدين	لَا إِكْرَاهَ فِي الدِّينِ ۖ قَدْ تَبَيَّنَ الرُّشْدُ مِنَ الْغَيِّ ۚ فَمَنْ يَكْفُرْ بِالطَّاغُوتِ وَيُؤْمِنْ بِاللَّهِ فَقَدِ اسْتَمْسَكَ بِالْعُرْوَةِ الْوُثْقَىٰ لَا انْفِصَامَ لَهَا ۗ وَاللَّهُ سَمِيعٌ عَلِيمٌ	The span is not a hadith; it is the exact opening phrase of a Quranic verse. The contiguous phrase 'لا إكراه في الدين' matches verbatim in سورة البقرة 256.
R002342:a7	hadith	quran	1.0	likely_mislabel_correction_right	1	سورة آل عمران 146	سورة آل عمران 146	إن الله يحب الصابرين	وَكَأَيِّنْ مِنْ نَبِيٍّ قَاتَلَ مَعَهُ رِبِّيُّونَ كَثِيرٌ فَمَا وَهَنُوا لِمَا أَصَابَهُمْ فِي سَبِيلِ اللَّهِ وَمَا ضَعُفُوا وَمَا اسْتَكَانُوا ۗ وَاللَّهُ يُحِبُّ الصَّابِرِينَ	The span is a recoverable distortion of a Quranic verse, not a hadith. It matches the contiguous phrase 'الله يحب الصابرين' from آل عمران 146; only the opening is altered from 'والله' to 'إن الله'.
R000905:a3	hadith	quran	1.0	likely_mislabel_correction_right	1	سورة آل عمران 19	سورة آل عمران 19	إن الدين عند الله الإسلام	إِنَّ الدِّينَ عِنْدَ اللَّهِ الْإِسْلَامُ ۗ وَمَا اخْتَلَفَ الَّذِينَ أُوتُوا الْكِتَابَ إِلَّا مِنْ بَعْدِ مَا جَاءَهُمُ الْعِلْمُ بَغْيًا بَيْنَهُمْ ۗ وَمَنْ يَكْفُرْ بِآيَاتِ اللَّهِ فَإِنَّ اللَّهَ سَرِيعُ الْحِسَابِ	The span is not a hadith; it is an exact contiguous Quranic phrase, the opening of آل عمران 19: 'إن الدين عند الله الإسلام'.
R004333:a6	hadith	quran	1.0	likely_mislabel_correction_right	4	سورة الرعد 16	سورة الرعد 16	اللهُ خالِقُ كلِّ شيءٍ	قُلْ مَنْ رَبُّ السَّمَاوَاتِ وَالْأَرْضِ قُلِ اللَّهُ ۚ قُلْ أَفَاتَّخَذْتُمْ مِنْ دُونِهِ أَوْلِيَاءَ لَا يَمْلِكُونَ لِأَنْفُسِهِمْ نَفْعًا وَلَا ضَرًّا ۚ قُلْ هَلْ يَسْتَوِي الْأَعْمَىٰ وَالْبَصِيرُ أَمْ هَلْ تَسْتَوِي الظُّلُمَاتُ وَالنُّورُ ۗ أَمْ جَعَلُوا لِلَّهِ شُرَكَاءَ خَلَقُوا كَخَلْقِهِ فَتَشَابَهَ الْخَلْقُ عَلَيْهِمْ ۚ قُلِ اللَّهُ خَالِقُ كُلِّ شَيْءٍ وَهُوَ الْوَاحِدُ الْقَهَّارُ	"ليس حديثًا؛ بل هو لفظٌ قرآني. العبارة ""الله خالق كل شيء"" تَرِدُ نصًّا في الرعد 16 والزمر 62، كما أنَّ المقطع المتصل ""خالق كل شيء"" يَرِدُ أيضًا في الأنعام 102 وغافر 62."
R001045:a2	hadith	quran	1.0	likely_mislabel_correction_right	1	سورة المجادلة 1	سورة المجادلة 1	قد سمع اللهُ قولَ التي تُجادِلُكَ في زَوْجِها	قَدْ سَمِعَ اللَّهُ قَوْلَ الَّتِي تُجَادِلُكَ فِي زَوْجِهَا وَتَشْتَكِي إِلَى اللَّهِ وَاللَّهُ يَسْمَعُ تَحَاوُرَكُمَا ۚ إِنَّ اللَّهَ سَمِيعٌ بَصِيرٌ	The span is not a hadith; it is the exact opening of a Qur'anic verse. The contiguous phrase 'قد سمع الله قول التي تجادلك في زوجها' matches سورة المجادلة 1 verbatim apart from diacritics.
R001983:a7	hadith	quran	1.0	likely_mislabel_correction_right	2	سورة البقرة 173	سورة البقرة 173	إنما حرم عليكم الميتة والدم ولحم الخنزير	إِنَّمَا حَرَّمَ عَلَيْكُمُ الْمَيْتَةَ وَالدَّمَ وَلَحْمَ الْخِنْزِيرِ وَمَا أُهِلَّ بِهِ لِغَيْرِ اللَّهِ ۖ فَمَنِ اضْطُرَّ غَيْرَ بَاغٍ وَلَا عَادٍ فَلَا إِثْمَ عَلَيْهِ ۚ إِنَّ اللَّهَ غَفُورٌ رَحِيمٌ	The span is not a hadith; it is the exact opening phrase of two Quranic verses. The contiguous run 'إنما حرم عليكم الميتة والدم ولحم الخنزير' matches both البقرة 173 and النحل 115, with only normal orthographic/tashkeel differences from the canonical Uthmani text.
R002370:a2	hadith	quran	1.0	likely_mislabel_correction_right	2	سورة الأعراف 31	سورة الأعراف 31	كلوا ولا تُسرفوا	۞ يَا بَنِي آدَمَ خُذُوا زِينَتَكُمْ عِنْدَ كُلِّ مَسْجِدٍ وَكُلُوا وَاشْرَبُوا وَلَا تُسْرِفُوا ۚ إِنَّهُ لَا يُحِبُّ الْمُسْرِفِينَ	ليس حديثًا. العبارة تختزل توجيهًا قرآنيًا، وأقربها قوله تعالى في الأعراف: «وَكُلُوا وَاشْرَبُوا وَلَا تُسْرِفُوا» مع حذف «واشربوا». كما أن عبارة «وَلَا تُسْرِفُوا» نفسها ترد أيضًا في الأنعام 141 بعد أمر بالأكل، لذا فالنص يلتبس بين الموضعين. أطول عبارة متطابقة متصلة من span في كل مرشح هي «ولا تسرفوا».
R000587:a12	hadith	quran	1.0	likely_mislabel_correction_right	3	سورة آل عمران 76	سورة آل عمران 76	اللّهُ يُحبّ المُتّقينَ	بَلَىٰ مَنْ أَوْفَىٰ بِعَهْدِهِ وَاتَّقَىٰ فَإِنَّ اللَّهَ يُحِبُّ الْمُتَّقِينَ	العبارة ليست حديثًا، لكنها اقتباس قرآني مباشر؛ فالمقطع المتصل «الله يحب المتقين» وارد نصًّا في عدة آيات، وأقرب ما يُصحَّح إليه هذه المواضع القرآنية الثلاثة.
R001353:a3	hadith	quran	1.0	likely_mislabel_correction_right	4	سورة البقرة 188	سورة البقرة 188	لا تَأْكُلُوا أَمْوَالَكُمْ بَيْنَكُمْ بِالْبَاطِلِ	وَلَا تَأْكُلُوا أَمْوَالَكُمْ بَيْنَكُمْ بِالْبَاطِلِ وَتُدْلُوا بِهَا إِلَى الْحُكَّامِ لِتَأْكُلُوا فَرِيقًا مِنْ أَمْوَالِ النَّاسِ بِالْإِثْمِ وَأَنْتُمْ تَعْلَمُونَ	The span is not a hadith; it is an exact contiguous Quranic phrase attested in two verses. The run 'لا تأكلوا أموالكم بينكم بالباطل' appears verbatim in both البقرة 188 and النساء 29.
R001096:a3	hadith	quran	1.0	likely_mislabel_correction_right	2	سورة السجدة 4	سورة السجدة 4	إن الله خلق السماوات والأرض وما بينهما في ستة أيام ثم استوى على العرش	اللَّهُ الَّذِي خَلَقَ السَّمَاوَاتِ وَالْأَرْضَ وَمَا بَيْنَهُمَا فِي سِتَّةِ أَيَّامٍ ثُمَّ اسْتَوَىٰ عَلَى الْعَرْشِ ۖ مَا لَكُمْ مِنْ دُونِهِ مِنْ وَلِيٍّ وَلَا شَفِيعٍ ۚ أَفَلَا تَتَذَكَّرُونَ	ليس حديثًا، بل هو تحريفٌ لعبارةٍ قرآنية. أطول عبارةٍ متطابقة متصلة من span هي: 'خلق السماوات والأرض وما بينهما في ستة أيام ثم استوى على العرش'، وهي واردة في موضعين من القرآن، مع زيادةٍ في صدر span هي 'إن الله'.
R004304:a4	quran	hadith	0.5	likely_mislabel_correction_right	7	صحيح البخاري 2236	صحيح البخاري 1367	شهداء الله في أرضه	مَرُّوا بِجِنَازَةٍ ، فَأَثْنَوْا عَلَيْهَا خَيْرًا ، فَقَالَ النَّبِيُّ صَلَّى اللهُ عَلَيْهِ وَسَلَّمَ: وَجَبَتْ. ثُمَّ مَرُّوا بِأُخْرَى فَأَثْنَوْا عَلَيْهَا شَرًّا ، فَقَالَ: وَجَبَتْ. فَقَالَ عُمَرُ بْنُ الْخَطَّابِ رَضِيَ اللهُ عَنْهُ: مَا وَجَبَتْ؟ قَالَ: هَذَا أَثْنَيْتُمْ عَلَيْهِ خَيْرًا ، فَوَجَبَتْ لَهُ الْجَنَّةُ ، وَهَذَا أَثْنَيْتُمْ عَلَيْهِ شَرًّا ، فَوَجَبَتْ لَهُ النَّارُ ، أَنْتُمْ شُهَدَاءُ اللهِ فِي الْأَرْضِ .	ليس آيةً قرآنية. وهو تحريفٌ قابلٌ للاسترداد لعبارةٍ حديثيةٍ مشهورة: «أَنْتُمْ شُهَدَاءُ اللَّهِ فِي الأَرْضِ». أطولُ run متصلٍ مشتركٍ مع النص المعطى هو «شهداء الله في»، أمّا «أرضه» فتحريفٌ لـ«الأرض».
R002944:a3	quran	hadith	0.5	likely_mislabel_correction_right	1	جامع الترمذي 97282	جامع الترمذي 616	فَاجْتَنِبُوا الْحَرَامَ وَاتَّقُوا اللَّهَ رَبَّكُمْ	سَمِعْتَ رَسُولَ اللهِ صَلَّى اللهُ عَلَيْهِ وَسَلَّمَ يَخْطُبُ فِي حَجَّةِ الْوَدَاعِ فَقَالَ: اتَّقُوا اللهَ رَبَّكُمْ ، وَصَلُّوا خَمْسَكُمْ ، وَصُومُوا شَهْرَكُمْ ، وَأَدُّوا زَكَاةَ أَمْوَالِكُمْ ، وَأَطِيعُوا ذَا أَمْرِكُمْ ، تَدْخُلُوا جَنَّةَ رَبِّكُمْ قَالَ: فَقُلْتُ لِأَبِي أُمَامَةَ : مُنْذُ كَمْ سَمِعْتَ مِنْ رَسُولِ اللهِ صَلَّى اللهُ عَلَيْهِ وَسَلَّمَ هَذَا الْحَدِيثَ؟ قَالَ: سَمِعْتُهُ وَأَنَا ابْنُ ثَلَاثِينَ سَنَةً	لا تُعرَف هذه العبارة كآية، وافتتاحها بـ'فاجتنبوا الحرام' غير مُعتَدٍّ به في نصٍّ قرآني أو حديثيٍّ من الكتب الستة. لكن الشطر الأخير يشتمل على عبارة متصلة حقيقية هي 'اتقوا الله ربكم'، وهي ترد في حديثٍ بجامع الترمذي؛ لذا فالنص ليس آية، وإنما فيه اقتباس قصير من حديث مع صدرٍ مُفبرك/مُضاف.
R000050:a1	quran	hadith	0.5	likely_mislabel_correction_right	1	صحيح مسلم 17629	صحيح مسلم 1963	لا تذبحوا إلا ما قرَّبَ إليكم	لَا تَذْبَحُوا إِلَّا مُسِنَّةً ، إِلَّا أَنْ يَعْسُرَ عَلَيْكُمْ فَتَذْبَحُوا جَذَعَةً مِنَ الضَّأْنِ .	العبارة ليست آية قرآنية، لكن افتتاحها يطابق افتتاح حديث الأضحية المشهور: «لا تذبحوا إلا ...». المطابقة المتصلة الحقيقية هي فقط «لا تذبحوا إلا»، أما «ما قرَّب إليكم» فليست من هذا النص وتبدو زيادةً محرَّفة.
R000490:a8	quran	hadith	0.5	likely_mislabel_correction_right	3	صحيح مسلم 11904	صحيح مسلم 118	كَأَنَّهُ لُمْعُ اللَّيْلِ الْمُظْلِمِ	بَادِرُوا بِالْأَعْمَالِ فِتَنًا كَقِطَعِ اللَّيْلِ الْمُظْلِمِ ، يُصْبِحُ الرَّجُلُ مُؤْمِنًا وَيُمْسِي كَافِرًا ، أَوْ يُمْسِي مُؤْمِنًا وَيُصْبِحُ كَافِرًا ، يَبِيعُ دِينَهُ بِعَرَضٍ مِنَ الدُّنْيَا	لا يظهر له أصلٌ قرآني. أقرب ما يُستعاد منه هو ذيل حديث «كقطع الليل المظلم»؛ إذ يوافق span عبارةً متصلةً هي «الليل المظلم»، بينما صدره «كأنه لمع» garbled ولا يطابق نصًا محفوظًا. لذلك فهو recoverable إلى هذا الحديث فقط وبثقة منخفضة.
R002030:a1	quran	hadith	0.57	likely_mislabel_correction_right	8	جامع الترمذي 96230	صحيح البخاري 142	وَإِذَا مَسَّهُ الْخَبَثُ أَعْرَضَ عَنْهُ وَقَالَ رَبِّ إِنِّي أَعُوذُ بِكَ مِنَ الْخَبَثِ	كَانَ إِذَا دَخَلَ الْخَلَاءَ قَالَ: اللَّهُمَّ إِنِّي أَعُوذُ بِكَ مِنَ الْخُبُثِ وَالْخَبَائِثِ	العبارة ليست آية قرآنية، لكن آخرها يحفظ مقطعًا حديثيًا واضحًا هو: 'إني أعوذ بك من الخبث'، وهو من دعاء دخول الخلاء: 'اللهم إني أعوذ بك من الخبث والخبائث'. أما الصدر 'وإذا مسه الخبث أعرض عنه وقال رب' فمركبٌ/مفبرك بصياغة قرآنية ولا يطابق آية ذات عبارة متصلة meaningful.
R003091:a3	quran	hadith	0.58	likely_mislabel_correction_right	1	سنن أبي داود 90350	صحيح البخاري 6357	اللَّهُمَّ صَلِّ عَلَى مُحَمَّدٍ وَعَلَى آلِ مُحَمَّدٍ وَسَلِّمْ وَبَارِكْ وَتَعَالَى جَمِيعُهُمْ بَعْدَ مَوْتِهِمْ كَمَا صَلَّيْتَ وَسَلَّمْتَ وَبَارَكْتَ عَلَى مُحَمَّدٍ وَعَلَى آلِ مُحَمَّدٍ وَاللَّهُ سَمِيعٌ عَلِيمٌ	اللَّهُمَّ صَلِّ عَلَى مُحَمَّدٍ ، وَعَلَى آلِ مُحَمَّدٍ كَمَا صَلَّيْتَ عَلَى إِبْرَاهِيمَ إِنَّكَ حَمِيدٌ مَجِيدٌ ، اللَّهُمَّ بَارِكْ عَلَى مُحَمَّدٍ ، وَعَلَى آلِ مُحَمَّدٍ كَمَا بَارَكْتَ عَلَى آلِ إِبْرَاهِيمَ إِنَّكَ حَمِيدٌ مَجِيدٌ .	"ليس آية قرآنية. هو تحريفٌ قابلٌ للاسترداد لحديث الصلاة على النبي ﷺ في التشهد (الصلاة الإبراهيمية): الافتتاحية المتطابقة ""اللهم صل على محمد وعلى آل محمد"" محفوظة بلفظها في عدة روايات من الكتب الستة، ثم أُلصقت بها زياداتٌ مختلقة مثل ""وسلم وبارك وتعالى جميعهم بعد موتهم""، وحُرِّفَ موضعُ ""إبراهيم/آل إبراهيم"" إلى ""محمد/آل محمد""، ثم أُلحِقَتْ خاتمةٌ قرآنية ""والله سميع عليم"" لا تعيّن آيةً بعينها."
R003778:a3	quran	hadith	0.6	likely_mislabel_correction_right	2	سنن ابن ماجه 112692	جامع الترمذي 1726	إِنَّمَا الْحَلَالُ مَا أَحْلَلَ اللَّهُ وَإِنَّمَا الْحَرَامُ مَا حَرَّمَ اللَّهُ	سُئِلَ رَسُولُ اللهِ صَلَّى اللهُ عَلَيْهِ وَسَلَّمَ عَنِ السَّمْنِ وَالْجُبْنِ وَالْفِرَاءِ ، قَالَ: الْحَلَالُ مَا أَحَلَّ اللهُ فِي كِتَابِهِ ، وَالْحَرَامُ مَا حَرَّمَ اللهُ فِي كِتَابِهِ ، وَمَا سَكَتَ عَنْهُ فَهُوَ مِمَّا عَفَا عَنْهُ .	ليس آيةً قرآنية. وهو تحريفٌ قابلٌ للاسترجاع لحديثٍ واحدٍ مرويٍّ في كتابين من الكتب الستة؛ إذ يطابق منه عبارتا «الحلال ما أحل الله» و«الحرام ما حرم الله»، مع حذف «في كتابه» وزيادة «إنما».
R002686:a1	quran	hadith	0.67	likely_mislabel_correction_right	11	سنن ابن ماجه 113848	صحيح البخاري 1	إنما العمل بالنيات	إِنَّمَا الْأَعْمَالُ بِالنِّيَّاتِ ، وَلِكُلِّ امْرِئٍ مَا نَوَى ، فَمَنْ كَانَتْ هِجْرَتُهُ إِلَى اللهِ وَإِلَى رَسُولِهِ ، فَهِجْرَتُهُ إِلَى اللهِ وَإِلَى رَسُولِهِ ، وَمَنْ كَانَتْ هِجْرَتُهُ لِدُنْيَا يُصِيبُهَا أَوِ امْرَأَةٍ يَتَزَوَّجُهَا ، فَهِجْرَتُهُ إِلَى مَا هَاجَرَ إِلَيْهِ .	ليس آيةً قرآنية، لكنه تحريفٌ قريب لافتتاح الحديث المشهور: «إِنَّمَا الأَعْمَالُ بِالنِّيَّاتِ». وقع الخطأ في إفراد «العمل» بدل «الأعمال»، فالمقصود الحديث نفسه لا غير، وهو ثابت بهذا الافتتاح في الكتب الستة.
R001104:a2	quran	hadith	0.8	likely_mislabel_correction_right	2	صحيح البخاري 9876	صحيح البخاري 6369	وَقُلْ رَّبِّ أَعُوذُ بِكَ مِنَ الْهَمِّ وَالْحَزَنِ	كَانَ النَّبِيُّ صَلَّى اللهُ عَلَيْهِ وَسَلَّمَ يَقُولُ: اللَّهُمَّ إِنِّي أَعُوذُ بِكَ مِنَ الْهَمِّ وَالْحَزَنِ ، وَالْعَجْزِ وَالْكَسَلِ ، وَالْجُبْنِ وَالْبُخْلِ ، وَضَلَعِ الدَّيْنِ وَغَلَبَةِ الرِّجَالِ .	العبارة ملفَّقة من نصَّين حقيقيَّين: افتتاحها القرآني «وَقُلْ رَبِّ أَعُوذُ بِكَ مِنْ» يطابق سورة المؤمنون 97، وخاتمتها «أَعُوذُ بِكَ مِنَ الْهَمِّ وَالْحَزَنِ» تطابق دعاءً نبويًّا ثابتًا في صحيح البخاري. فهي ليست آية، لكنها distortion recoverable لهذين النصين لوجود عبارات متصلة ذات معنى من كلٍّ منهما.
R004319:a7	quran	hadith	0.85	likely_mislabel_correction_right	1	سنن أبي داود 90350	جامع الترمذي 483	اللهم صلِّ وسلم وبارك على محمد وعلى آل بيته، كما صليت وسلمت وباركت على إبراهيم وعلى آل بيته، إنك حميد مجيد	اللَّهُمَّ صَلِّ عَلَى مُحَمَّدٍ ، وَعَلَى آلِ مُحَمَّدٍ كَمَا صَلَّيْتَ عَلَى إِبْرَاهِيمَ إِنَّكَ حَمِيدٌ مَجِيدٌ ، اللَّهُمَّ بَارِكْ عَلَى مُحَمَّدٍ ، وَعَلَى آلِ مُحَمَّدٍ كَمَا بَارَكْتَ عَلَى آلِ إِبْرَاهِيمَ إِنَّكَ حَمِيدٌ مَجِيدٌ .	ليس آيةً قرآنية، بل هو تحريفٌ قابلٌ للاسترجاع من ألفاظ الصلاة الإبراهيمية في الحديث. الصياغة المرسلة تُلَفِّق بين 'اللهم صل' و'وبارك'، وتزيد 'وسلم'، وتستبدل 'آل محمد/آل إبراهيم' بـ'آل بيته'؛ لكن يبقى منها الهيكل المميِّز: 'اللهم صل ... على محمد وعلى آل ... كما صليت ... على إبراهيم ... إنك حميد مجيد'. وأقرب ما تشوّهه نصّان حديثيّان مشهوران من ألفاظ الصلاة على النبي ﷺ.
R004370:a1	quran	hadith	0.86	likely_mislabel_correction_right	1	سنن النسائي 65794	صحيح البخاري 831	وَالسَّلاَمُ عَلَى رَسُولِ اللَّهِ وَعَلَى آلِهِ وَأَصْحَابِهِ أَشْهَدُ أَنْ لَا إِلَهَ إِلَّا اللَّهُ وَأَشْهَدُ أَنَّ مُحَمَّدًا عَبْدُهُ وَرَسُولُهُ	إِنَّ اللهَ عَزَّ وَجَلَّ هُوَ السَّلَامُ ، فَإِذَا قَعَدَ أَحَدُكُمْ ، فَلْيَقُلِ : التَّحِيَّاتُ لِلهِ وَالصَّلَوَاتُ وَالطَّيِّبَاتُ ، السَّلَامُ عَلَيْكَ أَيُّهَا النَّبِيُّ وَرَحْمَةُ اللهِ وَبَرَكَاتُهُ ، السَّلَامُ عَلَيْنَا وَعَلَى عِبَادِ اللهِ الصَّالِحِينَ ، أَشْهَدُ أَنْ لَا إِلَهَ إِلَّا اللهُ ، وَأَشْهَدُ أَنَّ مُحَمَّدًا عَبْدُهُ وَرَسُولُهُ ، ثُمَّ لْيَتَخَيَّرْ بَعْدَ ذَلِكَ مِنَ الْكَلَامِ مَا شَاءَ .	ليس هذا قرآنًا. افتتاحه «والسلام على رسول الله وعلى آله وأصحابه» صيغة دعائية غير قرآنية ولا تُطابق نصًا متصلًا من آية. لكن خاتمته تُطابق حرفيًّا جملةً معروفة من تشهّد ابن مسعود في الصلاة: «أشهد أن لا إله إلا الله وأشهد أن محمدًا عبده ورسوله»، وهي ثابتة في الصحيحين؛ فالspan مركّب، وفيه نواة حديثية صحيحة ملحقة بصدرٍ غير canonically attested.
R004395:a3	quran	hadith	1.0	likely_mislabel_correction_right	5	صحيح مسلم 12701	صحيح البخاري 690	فَأَتِمُّوا الرُّكُوعَ وَالسُّجُودَ	أَتِمُّوا الرُّكُوعَ وَالسُّجُودَ ! فَوَاللهِ إِنِّي لَأَرَاكُمْ مِنْ بَعْدِ ظَهْرِي إِذَا مَا رَكَعْتُمْ وَإِذَا مَا سَجَدْتُمْ	"ليس هذا قرآنًا، لكنه تحريفٌ قابلٌ للاسترداد لحديثٍ نبوي؛ إذ إن العبارة المتصلة ""أتموا الركوع والسجود"" تطابق أصل الحديث حرفيًّا تقريبًا، والاختلاف فقط في زيادة الفاء في أوله."
R002639:a2	quran	hadith	1.0	likely_mislabel_correction_right	11	سنن النسائي 67894	صحيح البخاري 1549	لبيك اللهم لبيك، لبيك لا شريك لك لبيك	لَبَّيْكَ اللَّهُمَّ لَبَّيْكَ ، لَبَّيْكَ لَا شَرِيكَ لَكَ لَبَّيْكَ ، إِنَّ الْحَمْدَ وَالنِّعْمَةَ لَكَ وَالْمُلْكَ ، لَا شَرِيكَ لَكَ	ليس آيةً قرآنية، بل هو افتتاح التلبية النبوية المشهورة في الحج والعمرة. والعبارة الواردة تطابق تطابقًا لفظيًّا متصلًا: 'لبيك اللهم لبيك لبيك لا شريك لك لبيك'، وهي ثابتة في الكتب الستة بهذا المتن مع تمامه: 'إن الحمد والنعمة لك والملك لا شريك لك'.
R003502:a1	quran	hadith	1.0	likely_mislabel_correction_right	10	صحيح مسلم 15583	صحيح البخاري 5065	ومن لم يستطع فعليه بالصوم فإنه له وجاء	قَالَ لَنَا رَسُولُ اللهِ صَلَّى اللهُ عَلَيْهِ وَسَلَّمَ : يَا مَعْشَرَ الشَّبَابِ ، مَنِ اسْتَطَاعَ مِنْكُمُ الْبَاءَةَ فَلْيَتَزَوَّجْ ، فَإِنَّهُ أَغَضُّ لِلْبَصَرِ ، وَأَحْصَنُ لِلْفَرْجِ ، وَمَنْ لَمْ يَسْتَطِعْ فَعَلَيْهِ بِالصَّوْمِ ، فَإِنَّهُ لَهُ وِجَاءٌ	العبارة ليست آية، لكنها اقتباسٌ مباشر من خاتمة حديثٍ نبوي مشهور: «ومن لم يستطع فعليه بالصوم فإنه له وجاء». هذا اللفظ أو نظيره القريب ثابت في عدد من الكتب الستة، والمقطع المذكور فيها متطابق على نحوٍ واضح.
R001817:a1	quran	hadith	1.0	likely_mislabel_correction_right	8	صحيح مسلم 14726	صحيح مسلم 1137	يوم الأضحى	نَهَى عَنْ صِيَامِ يَوْمَيْنِ يَوْمِ الْأَضْحَى ، وَيَوْمِ الْفِطْرِ	ليس هذا نصًّا قرآنيًّا. وهو قابل للاسترداد فقط بوصفه عبارة قصيرة جدًا ثابتة في بعض أحاديث النهي عن صيام يومَي العيد؛ إذ تظهر العبارة المتصلة نفسها: 'يوم الأضحى'. ولأن المطابقة لا تتجاوز كلمتين، فالثقة منخفضة.
